data;horario;n_da_ocorrencia;tipo_de_ocorrencia;km;trecho;sentido;tipo_de_acidente;automovel;bicicleta;caminhao;moto;onibus;outros;tracao_animal;transporte_de_cargas_especiais;trator_maquinas;utilitarios;ilesos;levemente_feridos;moderadamente_feridos;gravemente_feridos;mortos
"22/07/2022";"14:56:00";"61";"ac02 - Aci";"333,14";"PT";"Norte";"Engavetamento";3;0;0;0;0;0;0;0;0;0;2;0;1;0;0
"22/07/2022";"21:05:00";"125";"ac02 - Aci";"324,8";"PT";"Norte";"Colisão lateral no mesmo sentido";0;0;0;1;0;0;0;0;0;0;0;1;0;0;0
"23/07/2022";"07:18:00";"20";"ac03 - Aci";"322,42";"PT";"Norte";"Colisão Traseira";2;0;0;0;0;0;0;0;0;0;5;0;0;0;0
"23/07/2022";"07:27:00";"21";"ac03 - Aci";"322,42";"PT";"Norte";"Colisão lateral no mesmo sentido";1;0;0;1;0;0;0;0;0;0;4;0;0;0;0
"23/07/2022";"11:47:00";"61";"ac03 - Aci";"327,84";"PT";"Norte";"Colisão lateral no mesmo sentido";2;0;0;0;0;0;0;0;0;0;2;0;0;0;0
"27/07/2022";"05:46:00";"15";"ac03 - Aci";"329,28";"PT";"Sul";"Choque - Outros";1;0;0;0;0;0;0;0;0;0;1;0;0;0;0
"27/07/2022";"20:07:00";"108";"ac02 - Aci";"329,04";"PT";"Norte";"Choque - Veículo parado na pista";2;0;0;0;0;0;0;0;0;0;0;1;1;0;0
"28/07/2022";"07:59:00";"29";"ac02 - Aci";"329,28";"PT";"Sul";"Colisão lateral no mesmo sentido";1;0;0;1;0;0;0;0;0;0;1;0;1;0;0
"28/07/2022";"13:19:00";"68";"ac02 - Aci";"330";"PT";"Sul";"Queda de Moto";0;0;0;1;0;0;0;0;0;0;0;2;0;0;0
"28/07/2022";"13:23:00";"70";"ac02 - Aci";"330";"PT";"Sul";"Colisão Traseira";2;0;0;0;0;0;0;0;0;0;0;7;0;0;0
"30/07/2022";"05:12:00";"13";"ac02 - Aci";"326,608";"PT";"Norte";"Choque - Defensa";1;0;0;0;0;0;0;0;0;0;1;1;0;0;0
"30/07/2022";"11:09:00";"41";"ac02 - Aci";"326,44";"PT";"Sul";"Colisão Traseira";1;0;0;2;0;0;0;0;0;0;2;0;1;0;0
"31/07/2022";"21:58:00";"92";"ac03 - Aci";"331,2";"PT";"Sul";"Colisão Traseira";2;0;0;0;0;0;0;0;0;0;3;0;0;0;0
"02/08/2022";"11:17:00";"33";"ac03 - Aci";"322,255";"PT";"Norte";"Colisão lateral no mesmo sentido";1;0;0;1;0;0;0;0;0;0;3;0;0;0;0
"03/08/2022";"17:39:00";"73";"ac03 - Aci";"0";"N19";"Sul";"Choque - Arvore";1;0;0;0;0;0;0;0;0;0;1;0;0;0;0
"05/08/2022";"08:41:00";"15";"ac03 - Aci";"328,56";"PT";"Sul";"Queda de Moto";0;0;0;1;0;0;0;0;0;0;1;0;0;0;0
"07/08/2022";"18:57:00";"47";"ac02 - Aci";"333,939";"R2A";"Norte";"Colisão lateral no mesmo sentido";1;0;1;0;0;0;0;0;0;0;1;5;0;0;0
"09/08/2022";"07:24:00";"18";"ac02 - Aci";"324,04";"PT";"Sul";"Queda de Moto";0;0;0;1;0;0;0;0;0;0;0;1;0;0;0
"11/08/2022";"23:12:00";"99";"ac02 - Aci";"326,776";"PT";"Sul";"Queda de Moto";1;0;0;0;0;0;0;0;0;0;0;1;0;0;0
"14/08/2022";"14:41:00";"43";"ac03 - Aci";"333,62";"PT";"Norte";"Colisão Traseira";1;0;0;1;0;0;0;0;0;0;2;0;0;0;0
"15/08/2022";"18:10:00";"70";"ac03 - Aci";"324,04";"PT";"Norte";"Colisão Traseira";2;0;0;0;0;0;0;0;0;0;2;0;0;0;0
"15/08/2022";"23:57:00";"113";"ac02 - Aci";"0,256";"R3";"Sul";"Colisão lateral no mesmo sentido";2;0;0;0;0;0;0;0;0;0;0;1;1;0;0
"16/08/2022";"14:30:00";"67";"ac03 - Aci";"322,089";"PT";"Norte";"Colisão lateral no mesmo sentido";1;0;0;1;0;0;0;0;0;0;6;0;0;0;0
"16/08/2022";"22:09:00";"126";"ac03 - Aci";"323,34";"PT";"Sul";"Objeto lançado contra veículo";1;0;1;0;0;0;0;0;0;0;2;0;0;0;0
"17/08/2022";"10:56:00";"46";"ac03 - Aci";"0";"N05";"Todos";"Colisão Traseira";2;0;0;0;0;0;0;0;0;0;3;0;0;0;0
"17/08/2022";"16:46:00";"72";"ac03 - Aci";"325,04";"PT";"Sul";"Choque - Defensa";1;0;0;0;0;0;0;0;0;0;1;0;0;0;0
"19/08/2022";"18:25:00";"82";"ac03 - Aci";"332,956";"PT";"Norte";"Colisão Traseira";2;0;0;0;0;0;0;0;0;0;2;0;0;0;0
"21/08/2022";"13:04:00";"38";"ac03 - Aci";"330,816";"PT";"Norte";"Choque - Veículo parado na pista";2;0;0;0;0;0;0;0;0;0;2;0;0;0;0
"21/08/2022";"21:06:00";"71";"ac02 - Aci";"0";"N14";"Sul";"Queda de Moto";0;0;0;1;0;0;0;0;0;0;0;1;0;0;0
"22/08/2022";"04:44:00";"1";"ac02 - Aci";"322,255";"PT";"Sul";"Choque - Barreira";1;0;0;0;0;0;0;0;0;0;0;1;0;0;0
"23/08/2022";"22:28:00";"102";"ac03 - Aci";"321,6";"N03";"Sul";"Colisão Transversal";1;0;1;0;0;0;0;0;0;0;3;0;0;0;0
"23/08/2022";"23:37:00";"111";"ac02 - Aci";"328,128";"PT";"Sul";"Colisão Traseira";2;0;0;0;0;0;0;0;0;0;2;0;1;0;0
"27/08/2022";"05:08:00";"11";"ac03 - Aci";"326,776";"PT";"Norte";"Choque - Defensa";1;0;0;0;0;0;0;0;0;0;1;0;0;0;0
"27/08/2022";"15:48:00";"83";"ac03 - Aci";"326,608";"PT";"Sul";"Colisão lateral no mesmo sentido";2;0;0;0;0;0;0;0;0;0;4;0;0;0;0
"29/08/2022";"11:37:00";"45";"ac02 - Aci";"330";"PT";"Norte";"Colisão Transversal";1;0;0;1;0;0;0;0;0;0;1;0;1;0;0
"30/08/2022";"08:01:00";"20";"ac02 - Aci";"329,04";"PT";"Sul";"Queda de Moto";0;0;0;1;0;0;0;0;0;0;0;0;1;0;0
"02/09/2022";"16:24:00";"81";"ac03 - Aci";"324,04";"PT";"Norte";"Colisão lateral no mesmo sentido";1;0;0;1;0;1;0;0;0;0;3;0;0;0;0
"03/09/2022";"05:27:00";"17";"ac02 - Aci";"331,104";"PT";"Norte";"Choque - Veículo parado na pista";1;0;0;1;0;0;0;0;0;0;0;1;1;0;0
"04/09/2022";"07:18:00";"9";"ac03 - Aci";"0,5";"N06";"Norte";"Choque - Defensa";1;0;0;0;0;0;0;0;0;0;1;0;0;0;0
"06/09/2022";"20:15:00";"118";"ac03 - Aci";"0";"N10";"Norte";"Colisão Traseira";2;0;0;0;0;0;0;0;0;0;3;0;0;0;0
"08/09/2022";"08:55:00";"20";"ac02 - Aci";"327,6";"PT";"Norte";"Queda de Moto";0;0;0;1;0;0;0;0;0;0;0;1;0;0;0
"09/09/2022";"06:36:00";"16";"ac03 - Aci";"326,272";"PT";"Norte";"Queda de Moto";0;0;0;1;0;0;0;0;0;0;2;0;0;0;0
"09/09/2022";"08:33:00";"32";"ac03 - Aci";"330";"PT";"Norte";"Colisão Traseira";2;0;0;0;0;0;0;0;0;0;2;0;0;0;0
"10/09/2022";"09:30:00";"31";"ac03 - Aci";"333,46";"PT";"Norte";"Colisão lateral no mesmo sentido";1;0;2;1;0;0;0;0;0;0;6;0;0;0;0
"10/09/2022";"11:44:00";"41";"ac02 - Aci";"333,46";"PT";"Sul";"Queda de Moto";0;0;0;1;0;0;0;0;0;0;0;1;1;0;0
"10/09/2022";"19:48:00";"101";"ac02 - Aci";"330,72";"PT";"Norte";"Colisão Traseira";2;0;0;0;0;0;0;0;0;0;1;0;1;0;0
"11/09/2022";"07:41:00";"11";"ac02 - Aci";"330,336";"PT";"Norte";"Queda de Moto";0;0;0;1;0;0;0;0;0;0;0;0;1;0;0
"12/09/2022";"12:49:00";"48";"ac02 - Aci";"0,8";"R4";"Norte";"Colisão lateral no mesmo sentido";0;0;0;1;0;1;0;0;0;0;1;1;1;0;0
"12/09/2022";"16:27:00";"72";"ac02 - Aci";"332,68";"PT";"Sul";"Colisão Traseira";1;0;0;1;0;0;0;0;0;0;1;1;0;0;0
"12/09/2022";"19:41:00";"86";"ac03 - Aci";"324,04";"PT";"Norte";"Colisão Traseira";3;0;0;0;0;0;0;0;0;0;4;0;0;0;0
"13/09/2022";"07:16:00";"11";"ac02 - Aci";"326,776";"PT";"Norte";"Choque - Veículo parado na pista";2;0;0;0;0;0;0;0;0;0;1;4;0;0;0
"14/09/2022";"17:42:00";"62";"ac03 - Aci";"322,255";"PT";"Norte";"Colisão Traseira";2;0;0;0;0;0;0;0;0;0;3;0;0;0;0
"16/09/2022";"08:21:00";"31";"ac02 - Aci";"328,32";"PT";"Sul";"Queda de Moto";0;0;0;1;0;0;0;0;0;0;1;1;0;0;0
"17/09/2022";"11:32:00";"37";"ac02 - Aci";"322,255";"PT";"Norte";"Colisão Traseira";1;0;0;1;0;0;0;0;0;0;1;2;0;0;0
"17/09/2022";"14:55:00";"52";"ac03 - Aci";"329,52";"PT";"Sul";"Colisão Traseira";2;0;0;0;0;0;0;0;0;0;5;0;0;0;0
"21/09/2022";"06:46:00";"19";"ac02 - Aci";"331,66";"PT";"Norte";"Choque - Veículo parado na pista";2;0;0;0;0;0;0;0;0;0;1;0;1;0;0
"22/09/2022";"16:52:00";"76";"ac02 - Aci";"329,04";"PT";"Sul";"Choque - Veículo parado na pista";2;0;0;0;0;0;0;0;0;0;0;2;0;0;0
"23/09/2022";"05:15:00";"8";"ac02 - Aci";"0,337";"N10";"Norte";"Colisão lateral no mesmo sentido";0;0;0;2;0;0;0;0;0;0;2;2;0;0;0
"23/09/2022";"07:57:00";"22";"ac03 - Aci";"330,096";"PT";"Norte";"Queda de Moto";0;0;0;1;0;0;0;0;0;0;2;0;0;0;0
"26/09/2022";"19:47:00";"108";"ac02 - Aci";"329,616";"PT";"Norte";"Colisão lateral no mesmo sentido";2;0;0;0;0;0;0;0;0;0;1;1;0;0;0
"27/09/2022";"16:40:00";"65";"ac03 - Aci";"326,608";"PT";"Norte";"Colisão lateral no mesmo sentido";0;0;0;1;0;0;0;0;0;0;1;0;0;0;0
"28/09/2022";"07:58:00";"22";"ac02 - Aci";"332,32";"PT";"Sul";"Colisão Traseira";0;0;0;1;0;0;0;0;0;1;0;1;2;0;0
"28/09/2022";"14:57:00";"56";"ac02 - Aci";"2,056";"R3";"Sul";"Choque - Defensa";1;0;0;0;0;0;0;0;0;0;0;2;0;0;0
"28/09/2022";"15:08:00";"57";"ac02 - Aci";"326,272";"PT";"Sul";"Colisão Traseira";0;0;1;1;0;0;0;0;0;0;0;2;0;0;0
"28/09/2022";"17:28:00";"70";"ac02 - Aci";"0,967";"N02";"Norte";"Colisão Traseira";2;0;0;0;0;0;0;0;0;0;0;2;0;0;0
"01/10/2022";"01:55:00";"8";"ac02 - Aci";"324,144";"PT";"Norte";"Queda de Moto";0;0;0;1;0;0;0;0;0;0;0;1;0;0;0
"02/10/2022";"22:33:00";"89";"ac02 - Aci";"0,042";"N13";"Sul";"Queda de Moto";0;0;0;1;0;0;0;0;0;0;0;0;0;1;0
"03/10/2022";"19:31:00";"79";"ac02 - Aci";"0";"R1";"Sul";"Atropelamento - Pedestre";1;0;0;0;0;0;0;0;0;0;1;0;0;1;0
"04/10/2022";"11:30:00";"48";"ac02 - Aci";"328,56";"PT";"Sul";"Colisão Traseira";1;0;0;1;0;0;0;0;0;0;1;0;1;0;0
"04/10/2022";"19:27:00";"87";"ac02 - Aci";"323,07";"PT";"Norte";"Colisão Traseira";3;0;0;0;0;0;0;0;0;0;3;0;1;0;0
"07/10/2022";"13:43:00";"40";"ac03 - Aci";"330,384";"PT";"Sul";"Colisão Traseira";1;0;1;0;0;0;0;0;0;0;2;0;0;0;0
"08/10/2022";"08:54:00";"31";"ac03 - Aci";"322,255";"PT";"Norte";"Colisão Traseira";2;0;0;0;0;0;0;0;0;0;4;0;0;0;0
"08/10/2022";"21:36:00";"88";"ac03 - Aci";"330";"PT";"Norte";"Colisão Traseira";2;0;0;0;0;0;0;0;0;0;2;0;0;0;0
"10/10/2022";"22:06:00";"112";"ac02 - Aci";"0,377";"N10";"Norte";"Queda de Moto";0;0;0;1;0;0;0;0;0;0;0;1;0;0;0
"11/10/2022";"00:36:00";"1";"ac02 - Aci";"0,5";"R1";"Sul";"Colisão Traseira";0;0;1;0;0;0;0;0;0;1;0;10;1;0;0
"11/10/2022";"09:53:00";"40";"ac02 - Aci";"322,42";"PT";"Norte";"Queda de Moto";0;0;0;1;0;0;0;0;0;0;0;1;0;0;0
"11/10/2022";"19:19:00";"114";"ac02 - Aci";"329,28";"PT";"Sul";"Capotamento";1;0;0;0;0;0;0;0;0;0;0;1;0;0;0
"12/10/2022";"16:31:00";"56";"ac02 - Aci";"0,704";"N09";"Sul";"Queda de Moto";0;0;0;1;0;0;0;0;0;0;0;2;0;0;0
"13/10/2022";"10:47:00";"55";"ac03 - Aci";"333,62";"PT";"Norte";"Engavetamento";2;0;1;0;0;0;0;0;0;0;4;0;0;0;0
"13/10/2022";"14:38:00";"85";"ac03 - Aci";"322,089";"PT";"Norte";"Colisão lateral no mesmo sentido";1;0;0;1;0;0;0;0;0;0;2;0;0;0;0
"13/10/2022";"18:13:00";"111";"ac02 - Aci";"323,07";"PT";"Norte";"Engavetamento";3;0;0;0;0;0;0;0;0;0;6;2;0;0;0
"14/10/2022";"14:06:00";"62";"ac03 - Aci";"327,6";"PT";"Norte";"Colisão Traseira";1;0;0;0;0;1;0;0;0;0;2;0;0;0;0
"14/10/2022";"16:09:00";"82";"ac03 - Aci";"323,286";"PT";"Norte";"Colisão Traseira";1;0;0;0;0;0;0;0;0;0;3;0;0;0;0
"17/10/2022";"09:05:00";"38";"ac02 - Aci";"330,24";"PT";"Norte";"Tombamento";1;0;0;0;1;0;0;0;0;0;1;1;0;0;0
"18/10/2022";"19:18:00";"94";"ac02 - Aci";"322,572";"PT";"Norte";"Colisão lateral no mesmo sentido";1;0;0;1;1;0;0;0;0;0;2;1;0;0;0
"19/10/2022";"17:17:00";"67";"ac02 - Aci";"333,46";"PT";"Sul";"Colisão Traseira";2;0;0;0;0;0;0;0;0;0;0;1;1;0;0
"19/10/2022";"18:41:00";"78";"ac02 - Aci";"324,04";"PT";"Sul";"Colisão lateral no mesmo sentido";1;0;0;0;0;0;0;0;0;0;0;1;0;0;0
"21/10/2022";"23:28:00";"132";"ac02 - Aci";"330,24";"PT";"Norte";"Choque - Veículo parado na pista";2;0;0;0;0;0;0;0;0;0;0;1;0;1;0
"22/10/2022";"10:27:00";"32";"ac01 - Aci";"0,377";"N10";"Norte";"Atropelamento - Pedestre";0;0;0;0;0;0;0;0;0;0;0;0;0;0;1
"22/10/2022";"13:42:00";"45";"ac02 - Aci";"327,84";"PT";"Norte";"Queda de Moto";0;0;0;1;0;0;0;0;0;0;0;1;0;0;0
"22/10/2022";"21:59:00";"87";"ac03 - Aci";"333,624";"R2A";"Norte";"Choque - Meio Fio";1;0;0;0;0;0;0;0;0;0;3;0;0;0;0
"23/10/2022";"03:48:00";"5";"ac02 - Aci";"328,32";"PT";"Sul";"Choque - Meio Fio";1;0;0;0;0;0;0;0;0;0;2;2;0;0;0
"26/10/2022";"04:42:00";"7";"ac02 - Aci";"332,91";"PT";"Sul";"Capotamento";1;0;0;0;0;0;0;0;0;0;0;1;0;0;0
"27/10/2022";"11:01:00";"47";"ac02 - Aci";"323,78";"PT";"Norte";"Colisão Traseira";1;0;0;0;0;0;0;0;0;0;0;1;0;0;0
"27/10/2022";"13:44:00";"66";"ac02 - Aci";"329,76";"PT";"Norte";"Colisão Traseira";1;0;0;0;0;0;0;0;0;0;0;3;0;0;0
"29/10/2022";"13:26:00";"47";"ac03 - Aci";"322,255";"PT";"Sul";"Colisão lateral no mesmo sentido";1;0;1;0;0;0;0;0;0;0;2;0;0;0;0
"31/10/2022";"02:03:00";"8";"ac02 - Aci";"327,28";"PT";"Norte";"Engavetamento";3;0;0;0;0;0;0;0;0;0;1;2;0;0;0
"01/11/2022";"11:36:00";"50";"ac02 - Aci";"329,52";"PT";"Sul";"Colisão Traseira";2;0;0;0;0;0;0;0;0;0;0;6;0;0;0
"01/11/2022";"14:43:00";"70";"ac02 - Aci";"328,8";"PT";"Norte";"Colisão Traseira";1;0;0;1;0;0;0;0;0;0;0;3;0;0;0
"01/11/2022";"17:32:00";"87";"ac03 - Aci";"322,61";"PT";"Norte";"Queda de Moto";1;0;0;1;1;0;0;0;0;0;3;0;0;0;0
"01/11/2022";"20:36:00";"105";"ac03 - Aci";"322,42";"PT";"Sul";"Colisão Traseira";1;0;0;0;0;0;0;0;0;0;1;0;0;0;0
"02/11/2022";"03:47:00";"7";"ac02 - Aci";"330,24";"PT";"Sul";"Colisão Traseira";2;0;0;0;0;0;0;0;0;0;3;1;0;0;0
"03/11/2022";"07:26:00";"14";"ac02 - Aci";"324,3";"PT";"Sul";"Choque - Outros";1;0;0;1;0;0;0;0;0;0;1;1;0;0;0
"03/11/2022";"08:55:00";"23";"ac03 - Aci";"327,28";"PT";"Norte";"Colisão Traseira";1;0;0;0;0;0;0;0;0;1;2;0;0;0;0
"03/11/2022";"15:29:00";"59";"ac02 - Aci";"328,512";"PT";"Norte";"Colisão Traseira";0;0;1;0;0;0;0;0;0;1;0;2;0;0;0
"03/11/2022";"22:19:00";"114";"ac02 - Aci";"333,62";"PT";"Sul";"Colisão lateral no mesmo sentido";1;0;1;0;0;0;0;0;0;0;1;2;0;0;0
"04/11/2022";"19:04:00";"94";"ac02 - Aci";"328,56";"PT";"Norte";"Colisão Traseira";1;0;0;0;1;0;0;0;0;0;0;6;0;0;0
"05/11/2022";"20:09:00";"92";"ac02 - Aci";"0,1";"N06";"Norte";"Choque - Meio Fio";1;0;0;0;0;0;0;0;0;0;1;1;0;0;0
"06/11/2022";"16:12:00";"51";"ac02 - Aci";"333,46";"PT";"Sul";"Colisão Traseira";1;0;0;0;0;0;0;0;0;1;0;3;1;0;0
"06/11/2022";"16:51:00";"55";"ac02 - Aci";"333,62";"PT";"Sul";"Queda de Moto";0;0;0;1;0;0;0;0;0;0;0;1;0;0;0
"07/11/2022";"13:09:00";"56";"ac03 - Aci";"322,255";"PT";"Norte";"Colisão Traseira";1;0;0;0;0;0;0;0;0;0;1;0;0;0;0
"09/11/2022";"16:38:00";"66";"ac03 - Aci";"327,6";"PT";"Norte";"Colisão Traseira";2;0;0;0;0;0;0;0;0;0;2;0;0;0;0
"10/11/2022";"07:49:00";"24";"ac03 - Aci";"323,34";"PT";"Sul";"Colisão Traseira";1;0;0;1;0;0;0;0;0;0;4;0;0;0;0
"10/11/2022";"10:49:00";"48";"ac02 - Aci";"333,939";"R2A";"Norte";"Colisão lateral no mesmo sentido";1;0;1;0;0;0;0;0;0;0;1;1;0;0;0
"10/11/2022";"16:53:00";"95";"ac02 - Aci";"322,089";"PT";"Norte";"Colisão Traseira";0;0;0;2;0;0;0;0;0;0;2;0;1;0;0
"11/11/2022";"09:18:00";"26";"ac02 - Aci";"325,6";"PT";"Sul";"Choque - Veículo parado na pista";2;0;0;0;0;0;0;0;0;0;2;1;0;0;0
"12/11/2022";"18:57:00";"110";"ac03 - Aci";"322,067";"N03";"Sul";"Colisão lateral no mesmo sentido";1;0;1;0;0;0;0;0;0;0;3;0;0;0;0
"12/11/2022";"21:28:00";"130";"ac03 - Aci";"331,44";"PT";"Sul";"Colisão Traseira";2;0;0;0;0;0;0;0;0;0;2;0;0;0;0
"13/11/2022";"13:36:00";"43";"ac03 - Aci";"322,089";"PT";"Norte";"Colisão lateral no mesmo sentido";2;0;0;0;0;0;0;0;0;0;3;0;0;0;0
"14/11/2022";"09:04:00";"28";"ac02 - Aci";"327,6";"PT";"Norte";"Colisão lateral no sentido contrário";1;0;0;1;0;0;0;0;0;0;1;1;0;0;0
"14/11/2022";"16:02:00";"67";"ac03 - Aci";"324,04";"PT";"Sul";"Colisão Traseira";2;0;0;0;0;0;0;0;0;0;3;0;0;0;0
"15/11/2022";"18:33:00";"58";"ac02 - Aci";"330,96";"PT";"Sul";"Engavetamento";3;0;0;1;0;0;0;0;0;0;0;12;0;0;0
"16/11/2022";"13:25:00";"69";"ac03 - Aci";"322,089";"PT";"Sul";"Colisão lateral no mesmo sentido";2;0;0;0;0;0;0;0;0;0;4;0;0;0;0
"16/11/2022";"17:22:00";"94";"ac02 - Aci";"0";"N10";"Norte";"Queda de Moto";0;0;0;1;0;0;0;0;0;0;0;0;1;0;0
"17/11/2022";"12:16:00";"65";"ac02 - Aci";"330,48";"PT";"Norte";"Choque - Veículo parado na pista";3;0;0;0;0;0;0;0;0;0;3;2;0;1;0
"17/11/2022";"15:55:00";"95";"ac02 - Aci";"326,608";"PT";"Norte";"Colisão Traseira";2;0;0;0;0;0;0;0;0;0;3;2;0;0;0
"18/11/2022";"10:11:00";"23";"ac03 - Aci";"333,46";"PT";"Norte";"Colisão lateral no mesmo sentido";2;0;1;0;0;0;0;0;0;0;3;0;0;0;0
"18/11/2022";"11:47:00";"33";"ac02 - Aci";"323,78";"PT";"Norte";"Colisão Traseira";0;0;0;1;0;0;0;0;0;1;0;2;0;0;0
"18/11/2022";"13:16:00";"49";"ac03 - Aci";"329,52";"PT";"Norte";"Colisão Traseira";2;0;0;0;0;0;0;0;0;0;2;0;0;0;0
"19/11/2022";"05:01:00";"9";"ac02 - Aci";"323,78";"PT";"Norte";"Capotamento";2;0;0;0;0;0;0;0;0;0;0;4;0;0;0
"19/11/2022";"20:13:00";"86";"ac03 - Aci";"324,04";"PT";"Sul";"Choque - Defensa";1;0;0;0;0;0;0;0;0;0;3;0;0;0;0
"21/11/2022";"13:22:00";"52";"ac02 - Aci";"330,48";"PT";"Norte";"Choque - Veículo parado na pista";3;0;0;0;0;0;0;0;0;0;2;1;0;0;0
"23/11/2022";"12:19:00";"58";"ac02 - Aci";"331,296";"PT";"Norte";"Queda de Moto";0;0;0;1;0;0;0;0;0;0;0;0;1;0;0
"24/11/2022";"15:39:00";"63";"ac03 - Aci";"322,089";"PT";"Norte";"Colisão lateral no mesmo sentido";1;0;0;1;0;0;0;0;0;0;5;0;0;0;0
"26/11/2022";"13:09:00";"56";"ac02 - Aci";"0,042";"N13";"Sul";"Colisão lateral no mesmo sentido";0;0;0;1;1;0;0;0;0;0;0;2;0;0;0
"29/11/2022";"06:43:00";"16";"ac03 - Aci";"329,28";"PT";"Sul";"Capotamento";1;0;0;0;0;0;0;0;0;0;2;0;0;0;0
"29/11/2022";"08:05:00";"28";"ac03 - Aci";"327,28";"PT";"Norte";"Colisão lateral no mesmo sentido";1;0;1;0;0;0;0;0;0;0;2;0;0;0;0
"30/11/2022";"20:11:00";"115";"ac03 - Aci";"322,908";"PT";"Norte";"Colisão Traseira";2;0;0;0;0;0;0;0;0;0;2;0;0;0;0
"02/12/2022";"08:20:00";"23";"ac02 - Aci";"328,08";"PT";"Norte";"Colisão Traseira";2;0;0;0;0;0;0;0;0;0;0;1;1;0;0
"02/12/2022";"12:12:00";"56";"ac03 - Aci";"322,61";"PT";"Norte";"Colisão Traseira";2;0;0;0;0;0;0;0;0;0;4;0;0;0;0
"03/12/2022";"09:12:00";"39";"ac03 - Aci";"322,255";"PT";"Sul";"Colisão lateral no mesmo sentido";3;0;0;0;0;0;0;0;0;0;6;0;0;0;0
"06/12/2022";"08:37:00";"28";"ac02 - Aci";"323,34";"PT";"Sul";"Colisão Traseira";1;0;0;1;0;0;0;0;0;0;1;1;0;0;0
"07/12/2022";"08:43:00";"34";"ac02 - Aci";"322,61";"PT";"Sul";"Colisão lateral no mesmo sentido";0;0;0;2;0;0;0;0;0;0;1;3;0;0;0
"10/12/2022";"10:49:00";"46";"ac03 - Aci";"328,56";"PT";"Sul";"Colisão Traseira";2;0;0;0;0;0;0;0;0;0;3;0;0;0;0
"11/12/2022";"22:03:00";"105";"ac03 - Aci";"322,8";"PT";"Sul";"Colisão Traseira";3;0;0;0;0;0;0;0;0;0;8;0;0;0;0
"12/12/2022";"15:48:00";"83";"ac02 - Aci";"324,04";"PT";"Norte";"Engavetamento";5;0;0;0;0;0;0;0;0;0;0;7;0;0;0
"15/12/2022";"02:54:00";"9";"ac02 - Aci";"326,944";"PT";"Norte";"Colisão lateral no mesmo sentido";2;0;0;0;0;0;0;0;0;0;0;2;0;0;0
"15/12/2022";"03:19:00";"10";"ac03 - Aci";"326,944";"PT";"Norte";"Colisão Traseira";1;0;0;1;0;0;0;0;0;0;2;0;0;0;0
"17/12/2022";"21:16:00";"101";"ac03 - Aci";"331,44";"PT";"Norte";"Colisão Traseira";2;0;0;0;0;0;0;0;0;0;2;0;0;0;0
"20/12/2022";"09:11:00";"34";"ac03 - Aci";"326,44";"PT";"Sul";"Engavetamento";3;0;0;0;0;0;0;0;0;0;3;0;0;0;0
"20/12/2022";"09:45:00";"41";"ac03 - Aci";"322,962";"PT";"Norte";"Colisão Traseira";2;0;0;0;0;0;0;0;0;0;2;0;0;0;0
"20/12/2022";"10:27:00";"47";"ac03 - Aci";"322,255";"PT";"Norte";"Colisão lateral no mesmo sentido";1;0;1;0;0;0;0;0;0;0;3;0;0;0;0
"21/12/2022";"11:56:00";"41";"ac03 - Aci";"326,608";"PT";"Norte";"Colisão lateral no mesmo sentido";0;0;0;1;1;0;0;0;0;0;2;0;0;0;0
"21/12/2022";"15:41:00";"54";"ac02 - Aci";"330,96";"PT";"Sul";"Choque - Defensa";1;0;0;0;0;0;0;0;0;0;0;0;1;0;0
"22/12/2022";"01:03:00";"6";"ac01 - Aci";"333,048";"PT";"Norte";"Choque - Defensa";1;0;0;0;0;0;0;0;0;0;0;0;0;0;1
"24/12/2022";"00:33:00";"2";"ac02 - Aci";"332,1";"PT";"Norte";"Colisão Traseira";0;0;0;1;0;0;0;0;0;0;0;1;0;0;0
"27/12/2022";"17:23:00";"101";"ac03 - Aci";"322,067";"N03";"Sul";"Queda de Moto";1;0;0;1;0;0;0;0;0;0;2;0;0;0;0
"27/12/2022";"19:59:00";"119";"ac02 - Aci";"331,66";"PT";"Sul";"Colisão Traseira";2;0;0;0;0;0;0;0;0;0;1;0;1;0;0
"28/12/2022";"06:40:00";"11";"ac02 - Aci";"324,3";"PT";"Sul";"Colisão Traseira";1;0;0;1;0;0;0;0;0;0;0;2;0;0;0
"29/12/2022";"12:21:00";"68";"ac03 - Aci";"333,939";"R2A";"Norte";"Colisão Traseira";1;0;1;0;0;0;0;0;0;0;2;0;0;0;0
"30/12/2022";"11:19:00";"45";"ac03 - Aci";"332,68";"PT";"Norte";"Colisão lateral no sentido contrário";1;0;0;0;0;0;0;0;0;0;1;0;0;0;0
"30/12/2022";"11:33:00";"47";"ac03 - Aci";"324,75";"PT";"Norte";"Colisão Traseira";2;0;0;0;0;0;0;0;0;0;4;0;0;0;0
"03/01/2023";"09:37:00";"44";"ac02 - Aci";"322,287";"PT";"Sul";"Colisão Traseira";3;0;0;0;0;0;0;0;0;0;2;4;0;0;0
"03/01/2023";"16:03:00";"146";"ac03 - Aci";"323,78";"PT";"Sul";"Choque - Outros";0;0;0;1;0;0;0;0;0;0;2;0;0;0;0
"04/01/2023";"07:06:00";"22";"ac03 - Aci";"322,42";"PT";"Sul";"Colisão lateral no mesmo sentido";3;0;0;0;0;0;0;0;0;0;3;0;0;0;0
"04/01/2023";"12:26:00";"66";"ac03 - Aci";"323,56";"PT";"Sul";"Colisão lateral no mesmo sentido";2;0;0;0;0;0;0;0;0;0;5;0;0;0;0
"05/01/2023";"12:44:00";"55";"ac03 - Aci";"330";"PT";"Norte";"Engavetamento";3;0;0;1;0;0;0;0;0;0;4;0;0;0;0
"07/01/2023";"22:42:00";"83";"ac03 - Aci";"333,46";"PT";"Norte";"Capotamento";1;0;1;0;0;0;0;0;0;0;2;0;0;0;0
"08/01/2023";"06:20:00";"9";"ac02 - Aci";"0,704";"N01";"Sul";"Queda de Moto";0;0;0;1;0;0;0;0;0;0;0;1;0;0;0