data;horario;n_da_ocorrencia;tipo_de_ocorrencia;km;trecho;sentido;tipo_de_acidente;automovel;bicicleta;caminhao;moto;onibus;outros;tracao_animal;transporte_de_cargas_especiais;trator_maquinas;utilitarios;ilesos;levemente_feridos;moderadamente_feridos;gravemente_feridos;mortos
"16/05/2023";"08:26:00";"29";"ac03 - Aci";"322,255";"PT";"Sul";"Colisão Traseira";1;0;0;0;0;0;0;0;0;0;1;0;0;0;0
"16/05/2023";"10:04:00";"39";"ac03 - Aci";"322,255";"PT";"Norte";"Colisão lateral no mesmo sentido";2;0;0;0;0;0;0;0;0;0;3;0;0;0;0
"17/05/2023";"06:41:00";"17";"ac02 - Aci";"0";"N12";"Norte";"Colisão Traseira";1;0;0;1;0;0;0;0;0;0;1;2;0;0;0
"18/05/2023";"16:33:00";"59";"ac02 - Aci";"333,624";"R2A";"Norte";"Colisão Traseira";1;0;0;1;0;0;0;0;0;0;1;0;1;0;0
"19/05/2023";"06:35:00";"17";"ac02 - Aci";"0,042";"N13";"Sul";"Atropelamento Ciclista";1;1;0;0;0;0;0;0;0;0;1;1;0;0;0
"19/05/2023";"19:30:00";"95";"ac02 - Aci";"322,089";"PT";"Norte";"Queda de Moto";2;0;0;0;0;0;0;0;0;0;2;1;0;0;0
"20/05/2023";"14:42:00";"46";"ac02 - Aci";"325,28";"PT";"Sul";"Queda de Moto";1;0;0;0;0;0;0;0;0;0;1;1;0;0;0
"20/05/2023";"19:05:00";"69";"ac03 - Aci";"322,321";"PT";"Norte";"Colisão lateral no mesmo sentido";2;0;0;0;0;0;0;0;0;0;2;0;0;0;0
"24/05/2023";"01:25:00";"3";"ac03 - Aci";"331,748";"PT";"Sul";"Colisão lateral no mesmo sentido";1;0;1;0;0;0;0;0;0;0;2;0;0;0;0
"24/05/2023";"09:07:00";"34";"ac01 - Aci";"328,32";"PT";"Norte";"Choque - Veículo parado na pista";0;0;1;1;0;0;0;0;0;0;1;0;0;0;1
"24/05/2023";"16:01:00";"80";"ac03 - Aci";"326,44";"PT";"Norte";"Colisão Traseira";2;0;0;0;0;0;0;0;0;0;2;0;0;0;0
"24/05/2023";"19:13:00";"110";"ac03 - Aci";"322,8";"PT";"Norte";"Colisão Traseira";2;0;0;0;0;0;0;0;0;0;3;0;0;0;0
"25/05/2023";"18:21:00";"92";"ac02 - Aci";"330,096";"PT";"Sul";"Colisão Traseira";2;0;0;0;0;0;0;0;0;0;1;1;0;0;0
"25/05/2023";"18:26:00";"94";"ac03 - Aci";"0";"N13";"Sul";"Queda de Moto";1;0;0;1;0;0;0;0;0;0;2;0;0;0;0
"25/05/2023";"22:06:00";"119";"ac02 - Aci";"0";"N12";"Norte";"Queda de Moto";0;1;0;1;0;0;0;0;0;0;1;1;0;0;0
"26/05/2023";"13:51:00";"68";"ac02 - Aci";"323,34";"PT";"Norte";"Colisão Traseira";1;0;0;1;0;0;0;0;0;0;4;1;0;0;0
"26/05/2023";"23:05:00";"147";"ac03 - Aci";"323,07";"PT";"Sul";"Colisão Traseira";2;0;0;0;0;0;0;0;0;0;2;0;0;0;0
"27/05/2023";"15:19:00";"63";"ac02 - Aci";"328,128";"PT";"Sul";"Colisão Traseira";0;0;1;1;0;0;0;0;0;0;1;1;0;0;0
"27/05/2023";"15:44:00";"66";"ac03 - Aci";"328,128";"PT";"Sul";"Colisão Traseira";2;0;0;0;0;0;0;0;0;0;2;0;0;0;0
"29/05/2023";"09:36:00";"30";"ac03 - Aci";"322,255";"PT";"Norte";"Colisão Traseira";2;0;0;0;0;0;0;0;0;0;4;0;0;0;0
"31/05/2023";"09:59:00";"38";"ac02 - Aci";"328,704";"PT";"Sul";"Colisão Traseira";2;0;0;0;0;0;0;0;0;0;0;1;2;0;0
"31/05/2023";"16:19:00";"75";"ac02 - Aci";"322,61";"PT";"Norte";"Colisão lateral no mesmo sentido";1;0;0;1;0;0;0;0;0;0;1;1;0;0;0
"31/05/2023";"19:14:00";"99";"ac03 - Aci";"323,56";"PT";"Norte";"Colisão Traseira";2;0;0;0;0;0;0;0;0;0;2;0;0;0;0
"01/06/2023";"14:06:00";"66";"ac03 - Aci";"2,056";"R3";"Sul";"Colisão Traseira";1;0;0;0;0;1;0;0;0;0;2;0;0;0;0
"01/06/2023";"14:30:00";"67";"ac03 - Aci";"328,08";"PT";"Norte";"Queda de Moto";0;0;0;1;0;0;0;0;0;0;1;0;0;0;0
"01/06/2023";"15:53:00";"75";"ac03 - Aci";"330,72";"PT";"Sul";"Choque - Meio Fio";1;0;0;0;0;0;0;0;0;0;2;0;0;0;0
"01/06/2023";"17:10:00";"80";"ac03 - Aci";"334,386";"R2";"Sul";"Colisão Traseira";1;0;1;0;0;0;0;0;0;0;3;0;0;0;0
"02/06/2023";"02:02:00";"8";"ac03 - Aci";"0,046";"N11";"Todos";"Choque - Meio Fio";1;0;0;0;0;0;0;0;0;0;1;0;0;0;0
"02/06/2023";"16:27:00";"67";"ac02 - Aci";"333,939";"R2A";"Norte";"Engavetamento";2;0;0;0;1;0;0;0;0;0;0;3;0;0;0
"02/06/2023";"16:41:00";"69";"ac03 - Aci";"332,1";"PT";"Sul";"Colisão lateral no mesmo sentido";0;0;0;1;1;0;0;0;0;0;2;0;0;0;0
"04/06/2023";"17:53:00";"48";"ac03 - Aci";"323,34";"PT";"Norte";"Colisão lateral no mesmo sentido";1;0;0;0;0;0;0;0;0;1;2;0;0;0;0
"06/06/2023";"07:17:00";"19";"ac02 - Aci";"327,6";"PT";"Sul";"Colisão lateral no mesmo sentido";1;0;0;1;0;0;0;0;0;0;1;1;0;0;0
"06/06/2023";"19:17:00";"101";"ac03 - Aci";"322,8";"PT";"Sul";"Engavetamento";4;0;0;0;0;0;0;0;0;0;6;0;0;0;0
"07/06/2023";"07:36:00";"23";"ac02 - Aci";"322,067";"N03";"Sul";"Atropelamento - Pedestre";0;0;0;1;0;0;0;0;0;0;1;0;1;0;0
"07/06/2023";"10:07:00";"47";"ac03 - Aci";"0,837";"N07";"Sul";"Engavetamento";3;0;0;0;0;0;0;0;0;0;4;0;0;0;0
"07/06/2023";"11:25:00";"61";"ac03 - Aci";"324,3";"PT";"Norte";"Colisão Traseira";1;0;0;0;0;0;0;0;0;1;3;0;0;0;0
"07/06/2023";"16:55:00";"106";"ac02 - Aci";"328,08";"PT";"Sul";"Choque - Veículo parado na pista";1;0;1;0;0;0;0;0;0;0;3;0;1;0;0
"08/06/2023";"17:27:00";"77";"ac03 - Aci";"326,44";"PT";"Norte";"Colisão Traseira";2;0;0;0;0;0;0;0;0;0;3;0;0;0;0
"10/06/2023";"07:22:00";"10";"ac03 - Aci";"322,255";"PT";"Norte";"Colisão Traseira";0;0;1;0;0;0;0;0;0;1;5;0;0;0;0
"15/06/2023";"02:05:00";"5";"ac03 - Aci";"0,308";"N12";"Norte";"Choque - Barreira";0;0;1;0;0;0;0;0;0;0;1;0;0;0;0
"15/06/2023";"10:09:00";"52";"ac02 - Aci";"330,48";"PT";"Sul";"Colisão lateral no mesmo sentido";0;0;0;1;0;2;0;0;0;0;2;1;0;0;0
"16/06/2023";"05:56:00";"11";"ac03 - Aci";"327,44";"PT";"Norte";"Choque - Barreira";2;0;0;0;0;0;0;0;0;0;2;0;0;0;0
"16/06/2023";"18:36:00";"90";"ac03 - Aci";"333,56";"PT";"Norte";"Colisão lateral no sentido contrário";1;0;1;0;0;0;0;0;0;0;2;0;0;0;0
"18/06/2023";"09:00:00";"21";"ac02 - Aci";"329,136";"PT";"Sul";"Queda de Moto";0;0;0;1;0;0;0;0;0;0;0;0;1;0;0
"19/06/2023";"06:54:00";"14";"ac02 - Aci";"0";"N09";"Sul";"Colisão lateral no mesmo sentido";1;0;0;1;1;0;0;0;0;0;2;1;0;0;0
"19/06/2023";"09:56:00";"30";"ac02 - Aci";"332,68";"PT";"Sul";"Colisão lateral no mesmo sentido";2;0;0;1;0;0;0;0;0;0;1;1;2;0;0
"20/06/2023";"06:07:00";"14";"ac02 - Aci";"328,08";"PT";"Sul";"Queda de Moto";0;0;0;1;0;0;0;0;0;0;0;1;0;0;0
"20/06/2023";"09:35:00";"45";"ac02 - Aci";"325,28";"PT";"Sul";"Colisão Traseira";2;0;0;0;0;0;0;0;0;0;1;1;0;0;0
"20/06/2023";"09:51:00";"49";"ac02 - Aci";"329,568";"PT";"Sul";"Colisão lateral no mesmo sentido";0;0;0;1;0;1;0;0;0;0;1;1;0;0;0
"20/06/2023";"14:09:00";"77";"ac03 - Aci";"322,255";"PT";"Norte";"Colisão Traseira";2;0;0;0;0;0;0;0;0;1;4;0;0;0;0
"22/06/2023";"15:18:00";"76";"ac03 - Aci";"0";"R4";"Norte";"Colisão lateral no mesmo sentido";2;0;0;0;0;0;0;0;0;0;4;0;0;0;0
"23/06/2023";"10:37:00";"44";"ac02 - Aci";"328,08";"PT";"Norte";"Colisão Traseira";1;0;0;1;0;0;0;0;0;0;1;0;1;0;0
"23/06/2023";"18:30:00";"112";"ac03 - Aci";"333,46";"PT";"Norte";"Colisão Traseira";2;0;0;0;0;0;0;0;0;0;2;0;0;0;0
"24/06/2023";"14:13:00";"61";"ac03 - Aci";"322,089";"PT";"Norte";"Colisão lateral no mesmo sentido";1;0;1;0;0;0;0;0;0;0;3;0;0;0;0
"24/06/2023";"18:17:00";"93";"ac03 - Aci";"324,8";"PT";"Norte";"Colisão Traseira";2;0;0;0;0;0;0;0;0;0;2;0;0;0;0
"25/06/2023";"05:35:00";"4";"ac03 - Aci";"324,8";"PT";"Norte";"Colisão Traseira";1;0;0;1;0;0;0;0;0;0;4;0;0;0;0
"27/06/2023";"10:30:00";"50";"ac02 - Aci";"329,136";"PT";"Norte";"Choque - Veículo parado na pista";0;0;0;1;0;0;0;0;0;1;1;0;1;0;0
"27/06/2023";"11:51:00";"64";"ac02 - Aci";"332,5";"PT";"Norte";"Choque - Veículo parado na pista";0;0;0;1;0;0;0;0;0;1;2;1;0;0;0
"28/06/2023";"07:42:00";"10";"ac03 - Aci";"326,44";"PT";"Sul";"Colisão lateral no mesmo sentido";1;0;0;0;0;1;0;0;0;0;2;0;0;0;0
"28/06/2023";"15:40:00";"78";"ac03 - Aci";"330,48";"PT";"Sul";"Colisão lateral no mesmo sentido";2;0;0;0;0;0;0;0;0;0;2;0;0;0;0
"29/06/2023";"06:42:00";"10";"ac03 - Aci";"0,669";"R1";"Sul";"Colisão Traseira";2;0;0;0;0;0;0;0;0;0;3;0;0;0;0
"29/06/2023";"07:57:00";"25";"ac02 - Aci";"322,089";"PT";"Norte";"Colisão lateral no mesmo sentido";1;0;0;1;0;0;0;0;0;0;1;1;0;0;0
"29/06/2023";"20:50:00";"107";"ac03 - Aci";"328,32";"PT";"Norte";"Colisão Traseira";2;0;0;0;0;0;0;0;0;0;2;0;0;0;0
"29/06/2023";"20:57:00";"108";"ac03 - Aci";"328,32";"PT";"Norte";"Queda de Moto";0;0;0;1;0;0;0;0;0;0;1;0;0;0;0
"30/06/2023";"09:36:00";"28";"ac03 - Aci";"333,14";"PT";"Sul";"Colisão Traseira";2;0;0;0;0;0;0;0;0;0;6;0;0;0;0
"30/06/2023";"10:04:00";"33";"ac03 - Aci";"333,14";"PT";"Sul";"Colisão lateral no mesmo sentido";0;0;2;0;0;0;0;0;0;0;3;0;0;0;0
"30/06/2023";"16:55:00";"81";"ac02 - Aci";"332,32";"PT";"Norte";"Queda de Moto";0;0;0;1;0;0;0;0;0;0;0;1;0;0;0
"01/07/2023";"11:38:00";"41";"ac02 - Aci";"322,255";"PT";"Norte";"Colisão lateral no mesmo sentido";2;0;0;1;0;0;0;0;0;0;8;2;0;0;0
"01/07/2023";"13:00:00";"48";"ac03 - Aci";"322,255";"PT";"Norte";"Colisão Traseira";2;0;0;0;0;0;0;0;0;0;5;0;0;0;0
"01/07/2023";"17:50:00";"82";"ac03 - Aci";"328,8";"PT";"Sul";"Colisão Traseira";1;0;1;0;0;0;0;0;0;0;2;0;0;0;0
"03/07/2023";"14:34:00";"60";"ac03 - Aci";"329,76";"PT";"Sul";"Colisão Traseira";1;0;1;0;0;0;0;0;0;0;2;0;0;0;0
"03/07/2023";"23:42:00";"113";"ac03 - Aci";"330";"PT";"Norte";"Colisão Traseira";2;0;0;0;0;0;0;0;0;0;3;0;0;0;0
"04/07/2023";"12:57:00";"49";"ac03 - Aci";"333,7";"R2A";"Norte";"Engavetamento";3;0;0;0;0;0;0;0;0;0;3;0;0;0;0
"04/07/2023";"15:08:00";"59";"ac03 - Aci";"324,04";"PT";"Sul";"Colisão Traseira";2;0;0;0;0;0;0;0;0;0;2;0;0;0;0
"04/07/2023";"17:08:00";"76";"ac03 - Aci";"324,04";"PT";"Norte";"Colisão Traseira";1;0;1;0;0;0;0;0;0;0;3;0;0;0;0
"05/07/2023";"06:27:00";"10";"ac03 - Aci";"326,44";"PT";"Norte";"Queda de Moto";1;0;0;1;0;1;0;0;0;0;3;0;0;0;0
"06/07/2023";"16:04:00";"73";"ac02 - Aci";"322,255";"PT";"Sul";"Queda de Moto";0;0;0;1;0;0;0;0;0;0;0;1;0;0;0
"07/07/2023";"05:06:00";"10";"ac03 - Aci";"0,299";"N09";"Sul";"Colisão Traseira";2;0;0;0;0;0;0;0;0;0;2;0;0;0;0
"07/07/2023";"09:09:00";"30";"ac02 - Aci";"0";"N05";"Todos";"Colisão Traseira";1;0;0;1;0;0;0;0;0;0;1;1;0;0;0
"07/07/2023";"12:18:00";"61";"ac03 - Aci";"329,856";"PT";"Sul";"Colisão Traseira";2;0;0;0;0;0;0;0;0;0;2;0;0;0;0
"07/07/2023";"18:55:00";"109";"ac03 - Aci";"327,28";"PT";"Norte";"Colisão Traseira";2;0;0;0;0;0;0;0;0;0;2;0;0;0;0
"08/07/2023";"10:39:00";"39";"ac02 - Aci";"323,34";"PT";"Norte";"Engavetamento";3;0;0;0;0;0;0;0;0;0;0;3;0;0;0
"08/07/2023";"13:42:00";"62";"ac03 - Aci";"0";"N06";"Norte";"Colisão lateral no sentido contrário";1;0;0;0;0;0;0;0;0;1;4;0;0;0;0
"08/07/2023";"16:10:00";"80";"ac02 - Aci";"322,42";"PT";"Norte";"Engavetamento";5;0;0;0;0;0;0;0;0;0;5;1;0;0;0
"09/07/2023";"11:04:00";"31";"ac02 - Aci";"0,4";"N09";"Sul";"Choque - Poste";1;0;0;0;0;0;0;0;0;0;0;1;0;0;0
"10/07/2023";"16:58:00";"73";"ac02 - Aci";"330,52";"PT";"Sul";"Colisão Traseira";1;0;0;1;0;0;0;0;0;0;1;1;0;0;0
"11/07/2023";"09:23:00";"30";"ac02 - Aci";"328,32";"PT";"Sul";"Colisão Traseira";0;0;0;0;2;0;0;0;0;0;3;3;0;0;0
"12/07/2023";"13:47:00";"55";"ac02 - Aci";"330";"PT";"Sul";"Choque - Defensa";2;0;0;0;0;0;0;0;0;0;0;3;0;0;0
"13/07/2023";"08:50:00";"32";"ac03 - Aci";"331,44";"PT";"Sul";"Engavetamento";3;0;0;0;0;0;0;0;0;0;3;0;0;0;0
"14/07/2023";"12:01:00";"48";"ac03 - Aci";"322,42";"PT";"Norte";"Queda de Moto";0;0;0;1;0;0;0;0;0;0;2;0;0;0;0
"15/07/2023";"02:24:00";"6";"ac02 - Aci";"330,24";"PT";"Norte";"Queda de Moto";1;0;0;0;0;0;0;0;0;0;0;0;1;0;0
"16/07/2023";"16:35:00";"50";"ac03 - Aci";"323,988";"PT";"Norte";"Engavetamento";3;0;0;0;0;0;0;0;0;0;5;0;0;0;0
"17/07/2023";"07:56:00";"28";"ac02 - Aci";"325,6";"PT";"Sul";"Queda de Moto";0;0;0;1;0;0;0;0;0;0;0;2;0;0;0
"17/07/2023";"10:24:00";"50";"ac02 - Aci";"326,608";"PT";"Norte";"Colisão Traseira";1;0;0;1;0;0;0;0;0;0;2;1;0;0;0
"17/07/2023";"16:47:00";"90";"ac03 - Aci";"0,704";"N09";"Sul";"Colisão Traseira";1;0;0;0;1;0;0;0;0;0;2;0;0;0;0
"17/07/2023";"16:48:00";"91";"ac02 - Aci";"324,3";"PT";"Norte";"Queda de Moto";1;0;0;1;0;0;0;0;0;0;1;0;1;0;0
"18/07/2023";"09:19:00";"35";"ac03 - Aci";"322,255";"PT";"Sul";"Colisão Traseira";0;0;0;2;0;0;0;0;0;0;2;0;0;0;0
"18/07/2023";"10:01:00";"41";"ac02 - Aci";"329,52";"PT";"Sul";"Colisão lateral no mesmo sentido";1;0;0;1;0;0;0;0;0;0;1;1;0;0;0
"18/07/2023";"15:27:00";"84";"ac03 - Aci";"323,884";"PT";"Norte";"Colisão Traseira";2;0;0;0;0;0;0;0;0;0;2;0;0;0;0
"19/07/2023";"16:02:00";"57";"ac03 - Aci";"324,04";"PT";"Norte";"Engavetamento";3;0;0;0;0;0;0;0;0;0;3;0;0;0;0
"19/07/2023";"16:36:00";"59";"ac02 - Aci";"333,364";"PT";"Norte";"Queda de Moto";2;0;0;0;0;0;0;0;0;0;1;2;0;0;0
"20/07/2023";"08:37:00";"28";"ac02 - Aci";"329,28";"PT";"Sul";"Colisão Traseira";2;0;0;1;0;0;0;0;0;0;2;1;0;0;0
"20/07/2023";"21:11:00";"109";"ac02 - Aci";"322,61";"PT";"Norte";"Queda de Moto";2;0;0;0;0;0;0;0;0;0;2;1;0;0;0
"21/07/2023";"07:39:00";"23";"ac02 - Aci";"330,96";"PT";"Norte";"Colisão Traseira";2;0;0;0;0;0;0;0;0;0;0;4;0;0;0
"21/07/2023";"13:16:00";"58";"ac02 - Aci";"332,32";"PT";"Norte";"Engavetamento";2;0;0;0;0;0;0;0;0;1;1;7;0;0;0
"21/07/2023";"19:41:00";"115";"ac03 - Aci";"324,04";"PT";"Sul";"Capotamento";1;0;1;0;0;0;0;0;0;0;2;0;0;0;0
"21/07/2023";"21:22:00";"130";"ac02 - Aci";"322,089";"PT";"Norte";"Colisão lateral no mesmo sentido";1;0;0;1;0;0;0;0;0;0;1;1;0;0;0
"22/07/2023";"07:17:00";"14";"ac03 - Aci";"333,46";"PT";"Norte";"Choque - Defensa";1;0;0;0;0;0;0;0;0;0;1;0;0;0;0
"22/07/2023";"10:49:00";"38";"ac03 - Aci";"323,34";"PT";"Norte";"Engavetamento";4;0;0;0;0;0;0;0;0;0;9;0;0;0;0
"23/07/2023";"10:40:00";"33";"ac02 - Aci";"333,62";"PT";"Sul";"Queda de Moto";0;0;0;1;0;0;0;0;0;0;0;2;0;0;0
"25/07/2023";"16:20:00";"86";"ac02 - Aci";"0,704";"N09";"Sul";"Queda de Moto";0;0;0;1;0;0;0;0;0;0;0;1;0;0;0
"25/07/2023";"16:39:00";"88";"ac02 - Aci";"322,067";"N03";"Sul";"Colisão Traseira";1;0;0;0;1;0;0;0;0;0;3;3;1;0;0
"26/07/2023";"11:59:00";"60";"ac03 - Aci";"322,255";"PT";"Norte";"Colisão lateral no mesmo sentido";1;0;1;0;0;0;0;0;0;0;4;0;0;0;0
"26/07/2023";"13:25:00";"70";"ac02 - Aci";"332,5";"PT";"Sul";"Capotamento";1;0;0;0;0;0;0;0;0;0;0;1;0;0;0
"26/07/2023";"13:37:00";"73";"ac02 - Aci";"327,6";"PT";"Sul";"Queda de Moto";0;0;0;1;0;0;0;0;0;0;0;1;0;0;0
"26/07/2023";"18:17:00";"114";"ac03 - Aci";"323,34";"PT";"Norte";"Colisão Traseira";2;0;0;0;0;0;0;0;0;0;2;0;0;0;0
"27/07/2023";"04:24:00";"6";"ac03 - Aci";"325,936";"PT";"Sul";"Colisão Traseira";2;0;0;0;0;0;0;0;0;0;3;0;0;0;0
"27/07/2023";"22:54:00";"121";"ac02 - Aci";"0,827";"R4";"Norte";"Colisão Traseira";1;0;0;1;0;0;0;0;0;0;1;1;0;0;0
"28/07/2023";"09:10:00";"17";"ac02 - Aci";"332,32";"PT";"Norte";"Colisão Traseira";2;0;0;1;0;0;0;0;0;0;2;0;1;1;0
"29/07/2023";"07:03:00";"21";"ac03 - Aci";"329,28";"PT";"Norte";"Choque - Veículo parado na pista";1;0;0;1;1;0;0;0;0;0;4;0;0;0;0
"29/07/2023";"17:27:00";"63";"ac03 - Aci";"327,28";"PT";"Sul";"Choque - Veículo parado na pista";2;0;0;0;0;0;0;0;0;0;2;0;0;0;0
"30/07/2023";"13:27:00";"42";"ac03 - Aci";"330,48";"PT";"Norte";"Choque - Veículo parado na pista";2;0;0;0;0;0;0;0;0;0;5;0;0;0;0
"30/07/2023";"19:13:00";"79";"ac03 - Aci";"322,42";"PT";"Norte";"Colisão Traseira";2;0;0;0;0;0;0;0;0;0;3;0;0;0;0
"30/07/2023";"20:32:00";"85";"ac02 - Aci";"330,096";"PT";"Norte";"Colisão Traseira";2;0;0;0;0;0;0;0;0;0;0;4;0;0;0
"31/07/2023";"08:59:00";"31";"ac02 - Aci";"327,28";"PT";"Sul";"Colisão Traseira";1;0;0;1;0;0;0;0;0;0;1;2;0;0;0
"31/07/2023";"15:20:00";"84";"ac02 - Aci";"324,4";"PT";"Sul";"Engavetamento";3;0;0;0;0;0;0;0;0;0;3;1;0;0;0
"31/07/2023";"20:25:00";"130";"ac02 - Aci";"0,042";"N13";"Sul";"Queda de Moto";0;0;0;1;0;0;0;0;0;0;0;1;0;0;0
"31/07/2023";"20:27:00";"131";"ac02 - Aci";"330,48";"PT";"Sul";"Colisão Traseira";0;0;1;1;0;0;0;0;0;0;1;1;0;0;0
"31/07/2023";"20:42:00";"133";"ac02 - Aci";"329,52";"PT";"Norte";"Colisão Traseira";2;0;0;0;0;0;0;0;0;0;0;3;0;0;0
"01/08/2023";"08:59:00";"33";"ac02 - Aci";"325,04";"PT";"Norte";"Colisão Traseira";3;0;1;0;0;0;0;0;0;0;1;4;0;0;0
"01/08/2023";"19:45:00";"129";"ac02 - Aci";"329,04";"PT";"Norte";"Colisão lateral no mesmo sentido";4;0;0;1;0;0;0;0;0;0;4;0;1;0;0
"02/08/2023";"08:03:00";"14";"ac02 - Aci";"322,287";"PT";"Sul";"Colisão lateral no mesmo sentido";1;0;0;2;0;0;0;0;0;0;1;2;0;0;0
"02/08/2023";"14:06:00";"41";"ac02 - Aci";"0,704";"N09";"Sul";"Colisão Traseira";2;0;0;0;0;0;0;0;0;0;1;2;0;0;0
"02/08/2023";"17:12:00";"68";"ac03 - Aci";"332,91";"PT";"Sul";"Colisão Traseira";1;0;0;1;0;0;0;0;0;0;3;0;0;0;0
"03/08/2023";"02:55:00";"9";"ac02 - Aci";"324,3";"PT";"Norte";"Queda de Moto";1;0;0;0;0;0;0;0;0;0;1;1;0;0;0
"04/08/2023";"09:05:00";"40";"ac03 - Aci";"325,344";"PT";"Sul";"Colisão Traseira";0;0;0;1;0;0;0;0;0;1;2;0;0;0;0
"04/08/2023";"15:54:00";"84";"ac02 - Aci";"329,28";"PT";"Norte";"Colisão lateral no mesmo sentido";2;0;0;0;0;0;0;0;0;0;1;3;1;0;0
"04/08/2023";"21:02:00";"115";"ac02 - Aci";"328,416";"PT";"Sul";"Colisão Traseira";1;0;0;1;0;0;0;0;0;0;1;1;0;0;0
"06/08/2023";"12:08:00";"22";"ac02 - Aci";"329,76";"PT";"Sul";"Colisão Traseira";0;0;0;1;0;0;0;0;0;0;0;1;0;0;0
"06/08/2023";"15:04:00";"41";"ac02 - Aci";"330,24";"PT";"Norte";"Queda de Moto";0;0;0;1;0;0;0;0;0;0;1;1;0;0;0
"07/08/2023";"08:44:00";"26";"ac03 - Aci";"322,8";"PT";"Sul";"Engavetamento";3;0;0;0;0;0;0;0;0;0;3;0;0;0;0
"08/08/2023";"21:58:00";"103";"ac03 - Aci";"0,726";"N06";"Norte";"Choque - Defensa";1;0;0;0;0;0;0;0;0;0;1;0;0;0;0
"10/08/2023";"07:15:00";"19";"ac03 - Aci";"323,988";"PT";"Sul";"Colisão Traseira";1;0;0;0;1;0;0;0;0;0;2;0;0;0;0
"10/08/2023";"07:24:00";"20";"ac02 - Aci";"322,255";"PT";"Norte";"Engavetamento";3;0;0;0;0;0;0;0;0;0;5;1;0;0;0
"10/08/2023";"17:38:00";"91";"ac02 - Aci";"323,34";"PT";"Norte";"Colisão lateral no mesmo sentido";1;0;0;1;0;0;0;0;0;0;2;1;0;0;0
"12/08/2023";"09:05:00";"22";"ac02 - Aci";"333,62";"PT";"Norte";"Choque - Veículo parado na pista";1;0;0;1;0;0;0;0;0;0;0;3;0;0;0
"12/08/2023";"13:48:00";"53";"ac02 - Aci";"323,34";"PT";"Norte";"Colisão lateral no mesmo sentido";3;0;0;0;0;0;0;0;0;0;3;1;0;0;0
"13/08/2023";"23:30:00";"108";"ac02 - Aci";"328,08";"PT";"Sul";"Choque - Defensa";1;0;0;0;0;0;0;0;0;0;0;0;1;0;0
"14/08/2023";"08:10:00";"25";"ac03 - Aci";"0,815";"N08";"Norte";"Choque - Defensa";1;0;0;0;0;0;0;0;0;0;1;0;0;0;0
"17/08/2023";"00:39:00";"4";"ac02 - Aci";"0,827";"R4";"Norte";"Engavetamento";4;0;0;0;0;0;0;0;0;0;0;4;0;0;0
"17/08/2023";"12:16:00";"63";"ac02 - Aci";"324,04";"PT";"Sul";"Colisão Traseira";0;0;0;1;1;0;0;0;0;0;1;1;0;0;0
"18/08/2023";"12:51:00";"51";"ac03 - Aci";"322,089";"PT";"Norte";"Colisão Traseira";0;0;0;1;0;0;0;0;0;1;3;0;0;0;0
"18/08/2023";"14:49:00";"61";"ac02 - Aci";"331,2";"PT";"Sul";"Colisão Traseira";0;0;1;1;0;0;0;0;0;0;1;0;1;0;0
"20/08/2023";"08:53:00";"17";"ac03 - Aci";"333,624";"R2";"Sul";"Choque - Defensa";1;0;0;0;0;0;0;0;0;0;1;0;0;0;0
"21/08/2023";"06:43:00";"11";"ac02 - Aci";"326,44";"PT";"Sul";"Colisão Traseira";1;0;0;1;0;0;0;0;0;0;1;2;0;0;0
"21/08/2023";"09:06:00";"31";"ac02 - Aci";"333,46";"PT";"Sul";"Colisão lateral no mesmo sentido";0;0;0;2;0;0;0;0;0;0;1;1;0;0;0
"23/08/2023";"11:04:00";"55";"ac02 - Aci";"331,66";"PT";"Norte";"Colisão Traseira";0;0;0;2;0;0;0;0;0;0;0;0;1;1;0
"23/08/2023";"12:07:00";"60";"ac03 - Aci";"329,04";"PT";"Sul";"Colisão lateral no mesmo sentido";1;0;1;0;0;0;0;0;0;0;3;0;0;0;0
"23/08/2023";"12:49:00";"68";"ac03 - Aci";"325,936";"PT";"Sul";"Engavetamento";2;0;0;0;0;0;0;0;0;0;2;0;0;0;0
"23/08/2023";"15:04:00";"91";"ac02 - Aci";"322,255";"PT";"Norte";"Queda de Moto";0;0;0;1;0;0;0;0;0;0;0;1;0;0;0
"24/08/2023";"10:51:00";"53";"ac02 - Aci";"332,32";"PT";"Sul";"Queda de Moto";0;0;0;1;0;0;0;0;0;0;0;1;0;0;0
"24/08/2023";"10:54:00";"54";"ac03 - Aci";"332,32";"PT";"Sul";"Colisão Traseira";1;0;0;0;0;0;0;0;0;1;6;0;0;0;0
"25/08/2023";"11:13:00";"37";"ac02 - Aci";"324,3";"PT";"Sul";"Colisão Traseira";1;0;0;1;0;0;0;0;0;0;1;2;0;0;0
"25/08/2023";"14:15:00";"54";"ac02 - Aci";"330,24";"PT";"Sul";"Colisão Traseira";1;0;0;1;0;0;0;0;0;0;1;1;0;0;0
"26/08/2023";"10:12:00";"29";"ac03 - Aci";"2,544";"R5A";"Sul";"Choque - Outros";0;0;1;0;0;0;0;0;0;0;1;0;0;0;0
"28/08/2023";"17:03:00";"82";"ac02 - Aci";"324,8";"PT";"Sul";"Colisão lateral no mesmo sentido";2;0;0;0;0;0;0;0;0;0;1;2;1;0;0
"28/08/2023";"18:35:00";"94";"ac02 - Aci";"322,255";"PT";"Sul";"Colisão lateral no mesmo sentido";1;0;0;1;0;0;0;0;0;0;0;2;0;0;0
"29/08/2023";"15:22:00";"71";"ac02 - Aci";"328,464";"PT";"Norte";"Queda de Moto";0;0;0;1;0;0;0;0;0;0;0;1;0;0;0
"30/08/2023";"04:12:00";"8";"ac03 - Aci";"327,28";"PT";"Sul";"Colisão lateral no mesmo sentido";1;0;0;0;0;0;0;0;0;0;1;0;0;0;0
"30/08/2023";"07:08:00";"18";"ac02 - Aci";"333,062";"PT";"Sul";"Queda de Moto";0;0;0;1;0;0;0;0;0;0;0;0;1;0;0