data;horario;n_da_ocorrencia;tipo_de_ocorrencia;km;trecho;sentido;tipo_de_acidente;automovel;bicicleta;caminhao;moto;onibus;outros;tracao_animal;transporte_de_cargas_especiais;trator_maquinas;utilitarios;ilesos;levemente_feridos;moderadamente_feridos;gravemente_feridos;mortos
"30/08/2023";"16:57:00";"82";"ac02 - Aci";"0";"N08";"Norte";"Colisão Traseira";1;0;0;1;0;0;0;0;0;0;1;1;0;0;0
"01/09/2023";"10:25:00";"49";"ac03 - Aci";"324,3";"PT";"Norte";"Colisão Traseira";1;0;1;0;0;0;0;0;0;0;2;0;0;0;0
"01/09/2023";"16:40:00";"112";"ac02 - Aci";"330";"PT";"Norte";"Queda de Moto";1;0;0;1;0;0;0;0;0;0;1;1;0;0;0
"02/09/2023";"11:19:00";"58";"ac02 - Aci";"324,7";"PT";"Norte";"Colisão Traseira";2;0;0;0;0;0;0;0;0;0;5;1;0;0;0
"02/09/2023";"14:25:00";"78";"ac02 - Aci";"324,848";"PT";"Norte";"Engavetamento";3;0;0;0;0;0;0;0;0;0;4;1;0;0;0
"02/09/2023";"19:04:00";"113";"ac02 - Aci";"325,04";"PT";"Sul";"Queda de Moto";0;0;0;1;0;0;0;0;0;0;1;1;0;0;0
"02/09/2023";"20:07:00";"119";"ac02 - Aci";"327,28";"PT";"Norte";"Queda de Moto";1;0;0;0;0;0;0;0;0;0;0;1;0;0;0
"04/09/2023";"07:55:00";"20";"ac02 - Aci";"322,089";"PT";"Sul";"Colisão lateral no mesmo sentido";0;0;1;1;0;0;0;0;0;0;1;1;0;0;0
"04/09/2023";"09:44:00";"37";"ac03 - Aci";"332,32";"PT";"Sul";"Colisão Traseira";1;0;0;1;0;0;0;0;0;0;3;0;0;0;0
"04/09/2023";"14:52:00";"76";"ac01 - Aci";"329,096";"PT";"Sul";"Choque - Veículo parado na pista";1;0;1;1;0;0;0;0;0;0;2;0;0;0;1
"05/09/2023";"11:17:00";"48";"ac03 - Aci";"323,78";"PT";"Norte";"Colisão Traseira";2;0;0;0;0;0;0;0;0;0;3;0;0;0;0
"05/09/2023";"12:59:00";"60";"ac03 - Aci";"322,42";"PT";"Sul";"Colisão Traseira";2;0;0;0;0;0;0;0;0;0;3;0;0;0;0
"05/09/2023";"18:46:00";"115";"ac02 - Aci";"333,46";"PT";"Norte";"Colisão Traseira";1;0;0;1;0;0;0;0;0;0;1;1;0;0;0
"06/09/2023";"02:46:00";"6";"ac02 - Aci";"322,255";"PT";"Sul";"Choque - Defensa";1;0;0;0;0;0;0;0;0;0;0;2;0;0;0
"06/09/2023";"06:46:00";"13";"ac02 - Aci";"322,255";"PT";"Sul";"Colisão Traseira";1;0;0;1;0;0;0;0;0;0;1;1;0;0;0
"06/09/2023";"07:40:00";"24";"ac02 - Aci";"332,91";"PT";"Sul";"Choque - Defensa";1;0;0;0;0;0;0;0;0;0;1;1;0;0;0
"06/09/2023";"12:33:00";"62";"ac03 - Aci";"323,56";"PT";"Norte";"Engavetamento";1;0;0;0;0;0;0;0;0;2;3;0;0;0;0
"08/09/2023";"08:17:00";"20";"ac02 - Aci";"0";"R3";"Sul";"Colisão Traseira";1;0;0;1;0;0;0;0;0;0;1;1;0;0;0
"08/09/2023";"17:07:00";"71";"ac02 - Aci";"325,04";"PT";"Norte";"Queda de Moto";1;0;0;0;0;0;0;0;0;0;0;0;1;0;0
"09/09/2023";"13:35:00";"63";"ac03 - Aci";"0,726";"N06";"Norte";"Queda de Moto";0;0;0;1;0;0;0;0;0;0;1;0;0;0;0
"09/09/2023";"16:54:00";"80";"ac03 - Aci";"330,144";"PT";"Norte";"Colisão Traseira";2;0;0;0;0;0;0;0;0;0;2;0;0;0;0
"09/09/2023";"20:20:00";"100";"ac03 - Aci";"323,78";"PT";"Sul";"Colisão lateral no mesmo sentido";2;0;0;0;0;0;0;0;0;0;3;0;0;0;0
"10/09/2023";"00:21:00";"2";"ac02 - Aci";"328,32";"PT";"Sul";"Queda de Moto";0;0;0;1;0;0;0;0;0;0;0;2;0;0;0
"10/09/2023";"10:23:00";"29";"ac03 - Aci";"330";"PT";"Sul";"Colisão lateral no mesmo sentido";1;0;0;0;0;0;0;0;0;0;3;0;0;0;0
"11/09/2023";"15:05:00";"74";"ac02 - Aci";"326,272";"PT";"Sul";"Colisão Traseira";1;0;0;1;0;0;0;0;0;0;1;1;0;0;0
"12/09/2023";"08:58:00";"36";"ac02 - Aci";"322,908";"PT";"Norte";"Queda de Moto";0;0;0;1;0;0;0;0;0;0;0;1;0;0;0
"12/09/2023";"09:20:00";"41";"ac02 - Aci";"322,8";"PT";"Sul";"Colisão Traseira";2;0;0;1;0;0;0;0;0;0;3;1;0;0;0
"13/09/2023";"05:41:00";"24";"ac03 - Aci";"331,2";"PT";"Sul";"Engavetamento";4;0;0;0;0;0;0;0;0;0;4;0;0;0;0
"13/09/2023";"06:01:00";"25";"ac03 - Aci";"330,72";"PT";"Sul";"Colisão Traseira";1;0;0;1;0;0;0;0;0;0;2;0;0;0;0
"13/09/2023";"11:38:00";"74";"ac02 - Aci";"326,44";"PT";"Norte";"Capotamento";2;0;0;0;0;0;0;0;0;0;1;0;1;0;0
"15/09/2023";"14:00:00";"67";"ac02 - Aci";"330,48";"PT";"Norte";"Colisão Traseira";1;0;0;1;0;0;0;0;0;0;2;1;0;0;0
"16/09/2023";"00:41:00";"2";"ac02 - Aci";"327,44";"PT";"Norte";"Choque - Barreira";3;0;0;0;0;0;0;0;0;0;2;2;0;0;0
"16/09/2023";"10:53:00";"34";"ac02 - Aci";"329,52";"PT";"Norte";"Choque - Veículo parado na pista";0;0;0;1;0;0;0;0;0;1;2;0;1;0;0
"17/09/2023";"18:05:00";"71";"ac03 - Aci";"333,56";"PT";"Sul";"Colisão Traseira";2;0;0;0;0;0;0;0;0;0;4;0;0;0;0
"18/09/2023";"10:14:00";"49";"ac03 - Aci";"333,3";"PT";"Norte";"Colisão lateral no mesmo sentido";1;0;1;0;0;0;0;0;0;0;3;0;0;0;0
"18/09/2023";"14:06:00";"81";"ac03 - Aci";"328,656";"PT";"Norte";"Colisão Traseira";2;0;0;0;0;0;0;0;0;0;4;0;0;0;0
"18/09/2023";"17:04:00";"109";"ac02 - Aci";"325,28";"PT";"Norte";"Colisão lateral no mesmo sentido";2;0;0;1;0;0;0;0;0;0;0;3;0;0;0
"18/09/2023";"18:21:00";"120";"ac02 - Aci";"325,434";"PT";"Norte";"Colisão Traseira";1;0;1;1;0;0;0;0;0;0;2;0;1;0;0
"20/09/2023";"07:25:00";"25";"ac02 - Aci";"325,344";"PT";"Sul";"Engavetamento";3;0;0;0;0;0;0;0;0;0;2;4;0;0;0
"20/09/2023";"18:34:00";"106";"ac02 - Aci";"332,608";"PT";"Norte";"Colisão lateral no mesmo sentido";3;0;0;0;0;0;0;0;0;0;0;4;0;0;0
"21/09/2023";"18:49:00";"100";"ac02 - Aci";"0";"N14";"Sul";"Queda de Moto";1;0;0;0;0;0;0;0;0;0;0;1;0;0;0
"21/09/2023";"21:25:00";"119";"ac02 - Aci";"326,44";"PT";"Sul";"Colisão Traseira";0;0;1;0;0;0;0;0;0;1;4;1;0;0;0
"22/09/2023";"12:39:00";"52";"ac03 - Aci";"326,44";"PT";"Norte";"Colisão Traseira";0;0;0;1;0;0;0;0;0;1;2;0;0;0;0
"22/09/2023";"16:13:00";"82";"ac03 - Aci";"0,377";"N10";"Norte";"Colisão lateral no sentido contrário";1;0;0;1;0;0;0;0;0;0;2;0;0;0;0
"23/09/2023";"19:14:00";"110";"ac03 - Aci";"323,34";"PT";"Sul";"Colisão Traseira";2;0;0;0;0;0;0;0;0;0;9;0;0;0;0
"24/09/2023";"20:37:00";"71";"ac03 - Aci";"333,62";"PT";"Sul";"Choque - Defensa";2;0;0;0;0;0;0;0;0;0;7;0;0;0;0
"25/09/2023";"09:05:00";"36";"ac02 - Aci";"0,042";"N05";"Todos";"Choque - Defensa";1;0;0;0;0;0;0;0;0;0;0;1;0;0;0
"27/09/2023";"02:44:00";"8";"ac02 - Aci";"333,3";"PT";"Sul";"Queda de Moto";0;0;0;1;0;0;0;0;0;0;0;2;0;0;0
"28/09/2023";"00:37:00";"1";"ac02 - Aci";"328,416";"PT";"Norte";"Capotamento";2;0;0;0;0;0;0;0;0;0;5;1;0;0;0
"28/09/2023";"01:44:00";"4";"ac03 - Aci";"329,616";"PT";"Norte";"Engavetamento";2;0;0;0;0;0;0;0;0;0;2;0;0;0;0
"28/09/2023";"13:10:00";"45";"ac02 - Aci";"329,472";"PT";"Sul";"Choque - Veículo parado na pista";1;0;0;1;0;0;0;0;0;0;1;0;1;0;0
"28/09/2023";"20:16:00";"95";"ac03 - Aci";"323,884";"PT";"Norte";"Colisão Traseira";1;0;1;0;0;0;0;0;0;0;2;0;0;0;0
"30/09/2023";"06:31:00";"22";"ac03 - Aci";"322,255";"PT";"Norte";"Queda de Moto";0;0;0;1;0;0;0;0;0;0;1;0;0;0;0
"30/09/2023";"07:36:00";"25";"ac02 - Aci";"322,42";"PT";"Sul";"Colisão Traseira";1;0;0;1;0;0;0;0;0;0;1;0;1;0;0
"30/09/2023";"08:12:00";"32";"ac03 - Aci";"323,78";"PT";"Norte";"Engavetamento";2;0;0;0;0;2;0;0;0;0;4;0;0;0;0
"30/09/2023";"19:04:00";"91";"ac02 - Aci";"0,042";"N13";"Sul";"Choque - Meio Fio";0;0;0;1;0;0;0;0;0;0;0;1;0;0;0
"02/10/2023";"09:21:00";"24";"ac03 - Aci";"329,52";"PT";"Norte";"Colisão Traseira";1;0;0;1;0;0;0;0;0;0;2;0;0;0;0
"03/10/2023";"05:42:00";"14";"ac02 - Aci";"328,08";"PT";"Sul";"Queda de Moto";1;0;0;0;0;0;0;0;0;0;0;0;1;0;0
"03/10/2023";"10:52:00";"49";"ac02 - Aci";"328,128";"PT";"Sul";"Colisão Traseira";2;0;0;0;0;0;0;0;0;0;4;1;1;0;0
"05/10/2023";"09:19:00";"35";"ac02 - Aci";"0,704";"N09";"Sul";"Atropelamento - Andarilho";1;0;0;1;0;0;0;0;0;0;1;1;2;0;0
"05/10/2023";"20:05:00";"134";"ac02 - Aci";"327,84";"PT";"Norte";"Queda de Moto";0;0;0;1;0;0;0;0;0;0;1;1;0;0;0
"06/10/2023";"02:08:00";"6";"ac03 - Aci";"322,255";"PT";"Norte";"Colisão Traseira";2;0;0;0;0;0;0;0;0;0;3;0;0;0;0
"08/10/2023";"15:58:00";"50";"ac03 - Aci";"330";"PT";"Sul";"Engavetamento";3;0;0;0;0;0;0;0;0;0;7;0;0;0;0
"11/10/2023";"05:59:00";"10";"ac02 - Aci";"327,28";"PT";"Sul";"Queda de Moto";0;0;0;1;0;0;0;0;0;0;0;1;0;0;0
"11/10/2023";"21:56:00";"123";"ac02 - Aci";"330";"PT";"Norte";"Engavetamento";3;0;0;0;0;0;0;0;0;0;4;1;0;0;0
"12/10/2023";"14:21:00";"78";"ac02 - Aci";"329,328";"PT";"Norte";"Colisão Traseira";2;0;0;1;0;0;0;0;0;0;1;2;0;0;0
"15/10/2023";"05:33:00";"10";"ac02 - Aci";"334,386";"R2";"Sul";"Choque - Defensa";1;0;0;0;0;0;0;0;0;0;3;3;0;0;0
"16/10/2023";"06:58:00";"23";"ac03 - Aci";"326,44";"PT";"Sul";"Colisão lateral no mesmo sentido";1;0;0;1;0;0;0;0;0;0;2;0;0;0;0
"17/10/2023";"20:11:00";"109";"ac03 - Aci";"0";"N10";"Norte";"Choque - Defensa";1;0;0;0;0;0;0;0;0;0;1;0;0;0;0
"18/10/2023";"12:08:00";"58";"ac03 - Aci";"323,56";"PT";"Norte";"Engavetamento";3;0;0;0;0;0;0;0;0;0;4;0;0;0;0
"18/10/2023";"13:06:00";"67";"ac02 - Aci";"325,28";"PT";"Norte";"Engavetamento";5;0;0;0;0;0;0;0;0;0;0;9;0;0;0
"18/10/2023";"15:36:00";"86";"ac02 - Aci";"0,347";"MERGULHÃO";"Norte";"Colisão lateral no mesmo sentido";0;0;0;1;0;0;0;0;0;1;1;2;0;0;0
"19/10/2023";"06:25:00";"19";"ac03 - Aci";"322,321";"PT";"Sul";"Colisão Traseira";2;0;0;0;0;0;0;0;0;0;3;0;0;0;0
"19/10/2023";"13:37:00";"64";"ac03 - Aci";"327,6";"PT";"Norte";"Engavetamento";1;0;2;0;0;0;0;0;0;0;6;0;0;0;0
"19/10/2023";"16:42:00";"85";"ac03 - Aci";"323,428";"PT";"Norte";"Queda de Moto";1;0;0;1;0;0;0;0;0;0;3;0;0;0;0
"20/10/2023";"07:42:00";"25";"ac03 - Aci";"327,6";"PT";"Norte";"Colisão lateral no mesmo sentido";1;0;0;1;0;0;0;0;0;0;2;0;0;0;0
"21/10/2023";"19:39:00";"87";"ac03 - Aci";"321,6";"N03";"Sul";"Colisão Traseira";1;0;0;0;0;0;0;0;0;1;3;0;0;0;0
"23/10/2023";"11:14:00";"47";"ac02 - Aci";"323,34";"PT";"Norte";"Colisão Traseira";1;0;0;1;0;0;0;0;0;0;1;1;0;0;0
"27/10/2023";"08:05:00";"31";"ac02 - Aci";"331,66";"PT";"Sul";"Colisão Traseira";2;0;0;0;0;0;0;0;0;0;1;0;1;0;0
"27/10/2023";"12:53:00";"50";"ac03 - Aci";"324,8";"PT";"Norte";"Engavetamento";3;0;0;0;0;0;0;0;0;0;4;0;0;0;0
"28/10/2023";"04:49:00";"9";"ac03 - Aci";"333,46";"PT";"Norte";"Colisão lateral no mesmo sentido";1;0;1;0;0;0;0;0;0;0;3;0;0;0;0
"28/10/2023";"18:19:00";"85";"ac03 - Aci";"322,496";"PT";"Norte";"Colisão Traseira";3;0;0;0;0;0;0;0;0;0;5;0;0;0;0
"29/10/2023";"01:14:00";"3";"ac03 - Aci";"322,42";"PT";"Norte";"Engavetamento";3;0;0;0;0;0;0;0;0;0;6;0;0;0;0
"29/10/2023";"01:54:00";"6";"ac02 - Aci";"326,776";"PT";"Norte";"Colisão lateral no mesmo sentido";2;0;0;0;1;0;0;0;0;0;1;2;0;0;0
"29/10/2023";"17:56:00";"82";"ac02 - Aci";"322,61";"PT";"Norte";"Colisão lateral no mesmo sentido";0;0;0;1;0;1;0;0;0;0;1;1;0;0;0
"30/10/2023";"15:51:00";"92";"ac02 - Aci";"331,484";"PT";"Norte";"Engavetamento";3;0;0;0;0;0;0;0;0;0;0;4;0;0;0
"31/10/2023";"06:59:00";"19";"ac02 - Aci";"324,04";"PT";"Sul";"Colisão Traseira";0;0;0;0;2;0;0;0;0;0;2;3;0;0;0
"31/10/2023";"09:55:00";"34";"ac02 - Aci";"333,3";"PT";"Norte";"Engavetamento";3;0;0;0;0;0;0;0;0;0;1;5;0;0;0
"31/10/2023";"17:12:00";"87";"ac02 - Aci";"322,255";"PT";"Sul";"Queda de Moto";0;0;0;1;0;0;0;0;0;0;0;0;1;0;0
"31/10/2023";"17:38:00";"89";"ac02 - Aci";"327,84";"PT";"Norte";"Queda de Moto";0;0;0;1;0;0;0;0;0;0;0;1;0;0;0
"02/11/2023";"10:57:00";"41";"ac03 - Aci";"322,61";"PT";"Norte";"Colisão Traseira";2;0;0;0;0;0;0;0;0;0;5;0;0;0;0
"03/11/2023";"13:45:00";"68";"ac03 - Aci";"324,944";"PT";"Norte";"Engavetamento";5;0;0;0;0;0;0;0;0;0;7;0;0;0;0
"03/11/2023";"18:16:00";"110";"ac02 - Aci";"0";"N11";"Todos";"Queda de Moto";0;0;0;1;0;0;0;0;0;0;0;1;0;0;0
"03/11/2023";"22:45:00";"153";"ac02 - Aci";"322,42";"PT";"Norte";"Queda de Moto";0;0;0;1;0;0;0;0;0;0;0;1;0;0;0
"04/11/2023";"07:54:00";"21";"ac02 - Aci";"324,04";"PT";"Norte";"Colisão Traseira";1;0;0;1;0;0;0;0;0;0;1;1;1;0;0
"05/11/2023";"00:07:00";"2";"ac02 - Aci";"331,66";"PT";"Norte";"Choque - Defensa";2;0;0;0;0;0;0;0;0;0;6;1;0;0;0
"07/11/2023";"08:24:00";"32";"ac03 - Aci";"328,32";"PT";"Sul";"Colisão Traseira";1;0;0;1;0;0;0;0;0;0;3;0;0;0;0
"07/11/2023";"22:56:00";"106";"ac02 - Aci";"326,44";"PT";"Norte";"Queda de Moto";0;0;0;1;0;0;0;0;0;0;0;1;0;0;0
"08/11/2023";"14:05:00";"72";"ac02 - Aci";"325,408";"PT";"Norte";"Colisão Traseira";1;0;0;1;0;0;0;0;0;0;1;1;0;0;0
"09/11/2023";"17:49:00";"127";"ac03 - Aci";"323,78";"PT";"Norte";"Colisão Traseira";2;0;0;0;0;0;0;0;0;0;2;0;0;0;0
"10/11/2023";"10:12:00";"36";"ac03 - Aci";"0";"MERGULHÃO";"Norte";"Choque - Veículo parado na pista";1;0;0;0;0;1;0;0;0;1;3;0;0;0;0
"10/11/2023";"14:15:00";"61";"ac03 - Aci";"330,24";"PT";"Sul";"Colisão Traseira";2;0;0;0;0;0;0;0;0;0;3;0;0;0;0
"10/11/2023";"14:22:00";"63";"ac03 - Aci";"330,24";"PT";"Sul";"Queda de Moto";0;0;0;1;0;0;0;0;0;0;1;0;0;0;0
"11/11/2023";"00:06:00";"1";"ac02 - Aci";"331,88";"PT";"Norte";"Colisão Traseira";1;0;0;1;0;0;0;0;0;0;1;1;0;0;0
"11/11/2023";"12:46:00";"68";"ac02 - Aci";"327,6";"PT";"Norte";"Queda de Moto";0;0;0;1;0;0;0;0;0;0;0;1;0;0;0
"11/11/2023";"16:14:00";"112";"ac02 - Aci";"326,608";"PT";"Norte";"Colisão Traseira";1;0;0;1;0;0;0;0;0;0;1;1;0;0;0
"12/11/2023";"16:55:00";"63";"ac03 - Aci";"326,944";"PT";"Sul";"Colisão lateral no mesmo sentido";2;0;0;0;0;0;0;0;0;0;2;0;0;0;0
"12/11/2023";"17:13:00";"66";"ac02 - Aci";"322,255";"PT";"Sul";"Queda de Moto";1;0;0;1;0;0;0;0;0;0;0;2;0;0;0
"13/11/2023";"13:25:00";"68";"ac03 - Aci";"328,992";"PT";"Norte";"Engavetamento";3;0;0;0;0;0;0;0;0;0;3;0;0;0;0
"13/11/2023";"14:10:00";"73";"ac03 - Aci";"325,184";"PT";"Norte";"Colisão Traseira";2;0;0;0;0;0;0;0;0;0;2;0;0;0;0
"13/11/2023";"17:38:00";"102";"ac02 - Aci";"333,46";"PT";"Sul";"Colisão lateral no mesmo sentido";1;0;0;1;0;0;0;0;0;0;0;3;0;0;0
"13/11/2023";"20:03:00";"123";"ac03 - Aci";"322,61";"PT";"Norte";"Engavetamento";2;0;0;0;0;1;0;0;0;0;3;0;0;0;0
"14/11/2023";"17:34:00";"96";"ac02 - Aci";"329,76";"PT";"Norte";"Colisão lateral no mesmo sentido";2;0;0;1;0;0;0;0;0;0;0;2;1;0;0
"14/11/2023";"20:00:00";"119";"ac02 - Aci";"326,44";"PT";"Norte";"Colisão lateral no mesmo sentido";0;0;0;1;0;1;0;0;0;0;1;1;0;0;0
"16/11/2023";"08:08:00";"29";"ac03 - Aci";"322,067";"N03";"Sul";"Colisão Traseira";0;0;0;2;0;0;0;0;0;0;3;0;0;0;0
"16/11/2023";"10:54:00";"52";"ac02 - Aci";"330";"PT";"Sul";"Queda de Moto";0;0;0;1;0;0;0;0;0;0;0;1;0;0;0
"16/11/2023";"11:20:00";"63";"ac02 - Aci";"330,48";"PT";"Norte";"Choque - Veículo parado na pista";1;0;0;1;0;0;0;0;0;0;1;1;0;1;0
"16/11/2023";"16:47:00";"131";"ac03 - Aci";"323,34";"PT";"Norte";"Engavetamento";3;0;0;0;0;0;0;0;0;0;5;0;0;0;0
"17/11/2023";"19:35:00";"152";"ac03 - Aci";"324,3";"PT";"Norte";"Colisão lateral no mesmo sentido";2;0;0;0;1;0;0;0;0;0;6;0;0;0;0
"19/11/2023";"23:51:00";"99";"ac03 - Aci";"322,255";"PT";"Norte";"Engavetamento";3;0;0;0;0;0;0;0;0;0;6;0;0;0;0
"21/11/2023";"12:05:00";"56";"ac03 - Aci";"323,56";"PT";"Norte";"Colisão Traseira";0;0;1;0;0;0;0;0;0;1;4;0;0;0;0
"23/11/2023";"08:19:00";"44";"ac03 - Aci";"333,46";"PT";"Sul";"Colisão lateral no mesmo sentido";2;0;0;0;0;0;0;0;0;0;2;0;0;0;0
"23/11/2023";"16:40:00";"116";"ac02 - Aci";"0";"R3";"Sul";"Colisão lateral no mesmo sentido";1;0;0;1;0;0;0;0;0;0;2;1;0;0;0
"24/11/2023";"13:02:00";"48";"ac03 - Aci";"324,3";"PT";"Norte";"Colisão Traseira";1;0;1;0;0;0;0;0;0;0;2;0;0;0;0
"24/11/2023";"15:03:00";"63";"ac02 - Aci";"322,255";"PT";"Sul";"Queda de Moto";1;0;0;1;0;0;0;0;0;0;1;1;0;0;0
"27/11/2023";"17:44:00";"98";"ac02 - Aci";"330";"PT";"Sul";"Colisão Traseira";2;0;0;0;0;0;0;0;0;0;4;1;0;0;0
"28/11/2023";"14:06:00";"60";"ac03 - Aci";"331,66";"PT";"Sul";"Colisão Traseira";2;0;0;0;0;0;0;0;0;0;3;0;0;0;0
"28/11/2023";"17:38:00";"85";"ac03 - Aci";"329,28";"PT";"Sul";"Queda de Moto";0;0;0;1;0;0;0;0;0;0;1;0;0;0;0
"29/11/2023";"12:49:00";"49";"ac03 - Aci";"329,76";"PT";"Norte";"Choque - Veículo parado na pista";0;0;0;0;0;0;0;0;0;2;3;0;0;0;0
"30/11/2023";"18:51:00";"98";"ac02 - Aci";"329,04";"PT";"Norte";"Colisão lateral no mesmo sentido";1;0;0;1;0;0;0;0;0;0;0;1;1;0;0
"01/12/2023";"05:38:00";"16";"ac02 - Aci";"330,72";"PT";"Sul";"Colisão lateral no mesmo sentido";1;0;0;1;0;0;0;0;0;0;2;1;0;0;0
"01/12/2023";"10:14:00";"37";"ac03 - Aci";"324,04";"PT";"Norte";"Choque - Defensa";1;0;0;0;0;0;0;0;0;0;1;0;0;0;0
"02/12/2023";"05:39:00";"15";"ac03 - Aci";"333,46";"PT";"Norte";"Colisão lateral no mesmo sentido";1;0;1;0;0;0;0;0;0;0;2;0;0;0;0
"02/12/2023";"08:53:00";"29";"ac03 - Aci";"322,255";"PT";"Norte";"Colisão lateral no mesmo sentido";1;0;1;0;0;0;0;0;0;0;2;0;0;0;0
"02/12/2023";"09:27:00";"31";"ac03 - Aci";"322,255";"PT";"Sul";"Colisão lateral no mesmo sentido";2;0;0;0;0;0;0;0;0;0;2;0;0;0;0
"04/12/2023";"05:51:00";"21";"ac02 - Aci";"323,07";"PT";"Norte";"Queda de Ciclista";0;0;0;1;0;0;0;0;0;0;0;0;1;0;0
"04/12/2023";"11:04:00";"49";"ac03 - Aci";"323,07";"PT";"Norte";"Colisão lateral no mesmo sentido";1;0;0;1;0;0;0;0;0;0;3;0;0;0;0
"04/12/2023";"14:11:00";"72";"ac02 - Aci";"323,56";"PT";"Norte";"Colisão Traseira";1;0;0;1;0;0;0;0;0;0;2;2;0;0;0
"04/12/2023";"17:24:00";"97";"ac03 - Aci";"322,42";"PT";"Norte";"Queda de Moto";0;0;0;1;0;0;0;0;0;0;1;0;0;0;0
"05/12/2023";"17:48:00";"95";"ac03 - Aci";"329,04";"PT";"Norte";"Queda de Moto";0;0;0;1;0;0;0;0;0;0;1;0;0;0;0
"06/12/2023";"16:31:00";"79";"ac03 - Aci";"333,048";"PT";"Norte";"Colisão Traseira";3;0;0;0;0;0;0;0;0;0;3;0;0;0;0
"06/12/2023";"16:53:00";"83";"ac02 - Aci";"331,2";"PT";"Norte";"Colisão Traseira";1;0;0;1;0;0;0;0;0;0;1;1;0;0;0
"07/12/2023";"09:41:00";"45";"ac02 - Aci";"332,32";"PT";"Sul";"Colisão Traseira";2;0;0;0;0;0;0;0;0;0;0;3;0;0;0
"08/12/2023";"14:16:00";"73";"ac02 - Aci";"0,042";"N13";"Sul";"Colisão Traseira";1;0;0;0;0;0;0;0;0;0;0;1;0;0;0
"08/12/2023";"21:44:00";"120";"ac03 - Aci";"323,516";"PT";"Sul";"Colisão Traseira";2;0;0;0;0;0;0;0;0;0;3;0;0;0;0
"09/12/2023";"19:31:00";"83";"ac03 - Aci";"324,55";"PT";"Norte";"Engavetamento";4;0;0;0;0;0;0;0;0;0;13;0;0;0;0
"11/12/2023";"08:38:00";"28";"ac02 - Aci";"323,78";"PT";"Norte";"Colisão Traseira";2;0;0;0;0;0;0;0;0;0;4;1;0;0;0
"12/12/2023";"11:28:00";"48";"ac02 - Aci";"333,624";"R2A";"Norte";"Colisão Traseira";3;0;0;0;0;0;0;0;0;0;0;6;0;0;0
"12/12/2023";"13:12:00";"58";"ac02 - Aci";"333,14";"PT";"Norte";"Queda de Moto";2;0;1;0;0;0;0;0;0;0;4;0;1;0;0
"12/12/2023";"18:57:00";"91";"ac02 - Aci";"323,07";"PT";"Norte";"Colisão Traseira";1;0;0;1;0;0;0;0;0;0;1;1;0;0;0
"13/12/2023";"23:17:00";"113";"ac03 - Aci";"324,04";"PT";"Norte";"Colisão Traseira";2;0;0;0;0;0;0;0;0;0;4;0;0;0;0
"14/12/2023";"12:35:00";"44";"ac02 - Aci";"325,04";"PT";"Sul";"Colisão lateral no mesmo sentido";3;0;0;1;0;0;0;0;0;0;4;1;0;0;0
"16/12/2023";"16:47:00";"130";"ac02 - Aci";"329,952";"PT";"Norte";"Colisão lateral no mesmo sentido";1;0;0;1;0;0;0;0;0;0;0;1;2;0;0
"17/12/2023";"15:44:00";"73";"ac02 - Aci";"322,61";"PT";"Norte";"Engavetamento";3;0;0;0;0;0;0;0;0;0;3;1;0;0;0
"18/12/2023";"09:41:00";"45";"ac03 - Aci";"329,28";"PT";"Sul";"Engavetamento";1;0;0;0;0;0;0;0;0;1;3;0;0;0;0
"18/12/2023";"21:02:00";"134";"ac02 - Aci";"333,624";"R2A";"Norte";"Colisão Traseira";1;0;0;1;0;0;0;0;0;0;2;0;1;1;0
"19/12/2023";"21:17:00";"104";"ac03 - Aci";"322,255";"PT";"Norte";"Colisão Traseira";2;0;0;0;0;0;0;0;0;0;4;0;0;0;0
"20/12/2023";"06:11:00";"10";"ac02 - Aci";"333,939";"R2A";"Norte";"Colisão Traseira";1;0;0;0;0;0;0;0;0;0;0;1;0;0;0
"20/12/2023";"08:49:00";"29";"ac02 - Aci";"327,44";"PT";"Norte";"Choque - Veículo parado na pista";2;0;0;0;0;0;0;0;0;0;0;1;1;0;0
"20/12/2023";"19:55:00";"118";"ac03 - Aci";"0";"N13";"Sul";"Colisão lateral no mesmo sentido";1;0;0;0;0;1;0;0;0;0;2;0;0;0;0
"21/12/2023";"04:47:00";"12";"ac02 - Aci";"324,3";"PT";"Norte";"Capotamento";2;0;0;0;0;0;0;0;0;0;0;4;0;0;0
"21/12/2023";"05:54:00";"15";"ac02 - Aci";"327,6";"PT";"Norte";"Queda de Moto";1;0;0;0;0;0;0;0;0;0;0;0;1;0;0
"21/12/2023";"11:51:00";"54";"ac02 - Aci";"331,968";"PT";"Norte";"Queda de Moto";0;0;0;1;0;0;0;0;0;0;0;1;0;1;0
"21/12/2023";"12:58:00";"63";"ac03 - Aci";"324,04";"PT";"Norte";"Colisão Traseira";0;0;0;1;0;0;0;0;0;0;1;0;0;0;0
"22/12/2023";"17:25:00";"86";"ac02 - Aci";"329,52";"PT";"Sul";"Choque - Veículo parado na pista";0;0;0;0;0;0;0;0;0;2;1;1;0;0;0
"23/12/2023";"05:37:00";"12";"ac03 - Aci";"325,04";"PT";"Norte";"Engavetamento";3;0;0;0;0;0;0;0;0;0;4;0;0;0;0
"25/12/2023";"09:37:00";"16";"ac02 - Aci";"331,528";"PT";"Norte";"Queda de Moto";1;0;0;0;0;0;0;0;0;0;0;2;0;0;0
"26/12/2023";"14:21:00";"79";"ac03 - Aci";"328,32";"PT";"Norte";"Capotamento";1;0;0;0;0;0;0;0;0;0;1;0;0;0;0
"26/12/2023";"20:46:00";"145";"ac03 - Aci";"323,286";"PT";"Norte";"Engavetamento";4;0;0;0;0;0;0;0;0;0;5;0;0;0;0
"28/12/2023";"14:46:00";"100";"ac03 - Aci";"330,72";"PT";"Norte";"Engavetamento";3;0;0;0;0;0;0;0;0;0;9;0;0;0;0
"28/12/2023";"22:16:00";"173";"ac03 - Aci";"333,512";"PT";"Norte";"Colisão lateral no mesmo sentido";1;0;1;0;0;1;0;0;0;0;5;0;0;0;0