data;horario;n_da_ocorrencia;tipo_de_ocorrencia;km;trecho;sentido;tipo_de_acidente;automovel;bicicleta;caminhao;moto;onibus;outros;tracao_animal;transporte_de_cargas_especiais;trator_maquinas;utilitarios;ilesos;levemente_feridos;moderadamente_feridos;gravemente_feridos;mortos
"04/11/2024";"15:19:00";"82";"Sem vítima";"331,440";"BR-101/RJ";"Crescente";"Engavetamento";2;0;0;0;0;0;0;0;0;1;5;0;0;0;0
"04/11/2024";"18:43:00";"104";"Com vítima";"327,280";"BR-101/RJ";"Crescente";"Colisão traseira";1;0;0;1;0;0;0;0;0;0;1;1;0;0;0
"04/11/2024";"23:00:00";"119";"Sem vítima";"334,386";"Acesso R ";"Crescente";"Colisão lateral no mesmo sentido";1;0;1;0;0;0;0;0;0;0;6;0;0;0;0
"05/11/2024";"19:21:00";"121";"Com vítima";"322,255";"BR-101/RJ";"Decrescente";"Colisão lateral no mesmo sentido";1;0;0;0;0;1;0;0;0;0;2;1;0;0;0
"06/11/2024";"16:02:00";"74";"Com vítima";"330,000";"BR-101/RJ";"Decrescente";"Queda de moto";0;0;0;1;0;0;0;0;0;0;0;2;0;0;0
"06/11/2024";"18:11:00";"88";"Sem vítima";"328,608";"BR-101/RJ";"Decrescente";"Colisão traseira";1;0;0;1;0;1;0;0;0;0;3;0;0;0;0
"07/11/2024";"01:32:00";"6";"Com vítima";"327,504";"BR-101/RJ";"Decrescente";"Queda de moto";1;0;0;0;0;0;0;0;0;0;0;1;0;0;0
"07/11/2024";"11:48:00";"50";"Com vítima";"322,089";"BR-101/RJ";"Decrescente";"Colisão lateral no mesmo sentido";2;0;0;0;0;0;0;0;0;0;2;1;0;0;0
"07/11/2024";"16:05:00";"76";"Com vítima";"327,888";"BR-101/RJ";"Decrescente";"Colisão lateral no mesmo sentido";0;0;1;1;0;0;0;0;0;0;2;0;1;0;0
"07/11/2024";"18:02:00";"97";"Sem vítima";"330,720";"BR-101/RJ";"Decrescente";"Colisão traseira";1;0;0;1;0;0;0;0;0;0;2;0;0;0;0
"08/11/2024";"22:13:00";"121";"Com vítima";"326,440";"BR-101/RJ";"Decrescente";"Colisão traseira";1;0;0;1;0;0;0;0;0;0;0;3;0;0;0
"10/11/2024";"06:24:00";"15";"Sem vítima";"333,560";"BR-101/RJ";"Crescente";"Choque";1;0;0;0;0;0;0;0;0;0;1;0;0;0;0
"12/11/2024";"08:12:00";"29";"Com vítima";"0,377";"Acesso N ";"Crescente";"Atropelamento de pedestre";0;0;0;0;0;0;0;0;0;1;1;0;1;0;0
"12/11/2024";"20:17:00";"118";"Sem vítima";"322,610";"BR-101/RJ";"Decrescente";"Engavetamento";2;0;0;0;0;0;0;0;0;1;4;0;0;0;0
"13/11/2024";"22:45:00";"101";"Sem vítima";"329,280";"BR-101/RJ";"Decrescente";"Colisão traseira";2;0;0;0;0;0;0;0;0;0;3;0;0;0;0
"14/11/2024";"12:38:00";"61";"Sem vítima";"322,610";"BR-101/RJ";"Decrescente";"Colisão traseira";1;0;0;1;0;0;0;0;0;0;2;0;0;0;0
"14/11/2024";"13:25:00";"69";"Com vítima";"327,600";"BR-101/RJ";"Decrescente";"Colisão traseira";0;0;0;1;0;1;0;0;0;0;1;1;1;0;0
"15/11/2024";"19:24:00";"96";"Sem vítima";"323,560";"BR-101/RJ";"Crescente";"Choque";2;0;0;0;0;0;0;0;0;0;5;0;0;0;0
"17/11/2024";"10:48:00";"29";"Com vítima";"330,096";"BR-101/RJ";"Crescente";"Colisão lateral no mesmo sentido";2;0;0;0;0;0;0;0;0;0;2;1;0;0;0
"17/11/2024";"11:34:00";"35";"Com vítima";"325,536";"BR-101/RJ";"Decrescente";"Colisão traseira";1;0;0;1;0;0;0;0;0;0;1;0;1;0;0
"21/11/2024";"10:27:00";"44";"Com vítima";"329,280";"BR-101/RJ";"Decrescente";"Colisão traseira";0;0;0;1;0;0;0;0;0;2;3;0;1;0;0
"22/11/2024";"15:18:00";"71";"Sem vítima";"323,340";"BR-101/RJ";"Decrescente";"Engavetamento";4;0;0;0;0;0;0;0;0;0;10;0;0;0;0
"23/11/2024";"10:50:00";"40";"Sem vítima";"322,255";"BR-101/RJ";"Decrescente";"Colisão traseira";1;0;0;0;0;1;0;0;0;0;5;0;0;0;0
"24/11/2024";"04:44:00";"7";"Com vítima";"331,660";"BR-101/RJ";"Crescente";"Colisão traseira";1;0;0;1;0;0;0;0;0;0;0;2;0;0;0
"24/11/2024";"16:54:00";"66";"Sem vítima";"329,520";"BR-101/RJ";"Crescente";"Colisão traseira";1;0;1;0;0;1;0;0;0;0;3;0;0;0;0
"25/11/2024";"19:45:00";"107";"Com vítima";"330,000";"BR-101/RJ";"Decrescente";"Colisão lateral no mesmo sentido";1;0;0;1;0;0;0;0;0;0;1;1;0;0;0
"27/11/2024";"05:01:00";"11";"Com vítima";"321,600";"Acesso N ";"Crescente";"Colisão lateral no mesmo sentido";1;0;1;0;0;0;0;0;0;0;1;0;1;1;0
"27/11/2024";"13:49:00";"78";"Sem vítima";"322,255";"BR-101/RJ";"Decrescente";"Colisão traseira";2;0;0;0;0;0;0;0;0;0;3;0;0;0;0
"27/11/2024";"20:39:00";"139";"Com vítima";"331,200";"BR-101/RJ";"Crescente";"Colisão traseira";2;0;0;0;0;0;0;0;0;0;1;0;2;0;0
"28/11/2024";"17:13:00";"109";"Sem vítima";"332,680";"BR-101/RJ";"Decrescente";"Colisão lateral no mesmo sentido";1;0;0;1;0;0;0;0;0;0;2;0;0;0;0
"29/11/2024";"15:11:00";"72";"Com vítima";"0,703";"Acesso N ";"Crescente";"Atropelamento de pedestre";0;0;0;0;0;0;0;0;0;0;0;1;0;0;0
"30/11/2024";"13:10:00";"40";"Com vítima";"332,910";"BR-101/RJ";"Decrescente";"Queda de moto";0;0;0;1;0;0;0;0;0;0;0;1;0;0;0
"30/11/2024";"23:46:00";"91";"Com vítima";"322,908";"BR-101/RJ";"Decrescente";"Queda de moto";0;0;0;1;0;0;0;0;0;0;0;1;0;0;0
"01/12/2024";"22:41:00";"106";"Sem vítima";"332,910";"BR-101/RJ";"Crescente";"Choque";1;0;0;0;0;0;0;0;0;0;1;0;0;0;0
"02/12/2024";"05:57:00";"10";"Sem vítima";"333,620";"BR-101/RJ";"Crescente";"Engavetamento";4;0;0;0;0;0;0;0;0;0;10;0;0;0;0
"03/12/2024";"07:33:00";"23";"Sem vítima";"324,040";"BR-101/RJ";"Crescente";"Queda de moto";0;0;0;1;0;0;0;0;0;0;1;0;0;0;0
"03/12/2024";"07:41:00";"24";"Com vítima";"323,124";"BR-101/RJ";"Crescente";"Colisão lateral no mesmo sentido";2;0;0;1;0;0;0;0;0;0;4;1;0;0;0
"03/12/2024";"10:54:00";"50";"Sem vítima";"0,726";"Acesso N ";"Decrescente";"Choque";1;0;0;0;0;0;0;0;0;0;1;0;0;0;0
"04/12/2024";"09:08:00";"41";"Sem vítima";"322,089";"BR-101/RJ";"Decrescente";"Colisão lateral no mesmo sentido";2;0;0;0;0;0;0;0;0;0;3;0;0;0;0
"05/12/2024";"00:48:00";"2";"Sem vítima";"325,600";"BR-101/RJ";"Decrescente";"Colisão lateral no mesmo sentido";2;0;0;0;0;0;0;0;0;0;2;0;0;0;0
"05/12/2024";"19:23:00";"80";"Com vítima";"323,070";"BR-101/RJ";"Decrescente";"Colisão lateral no mesmo sentido";1;0;0;1;0;0;0;0;0;0;3;0;1;0;0
"06/12/2024";"07:07:00";"23";"Com vítima";"326,272";"BR-101/RJ";"Crescente";"Engavetamento";0;0;1;0;2;0;0;0;0;0;4;1;1;0;0
"07/12/2024";"08:38:00";"38";"Sem vítima";"325,040";"BR-101/RJ";"Crescente";"Engavetamento";3;0;0;0;0;1;0;0;0;0;5;0;0;0;0
"07/12/2024";"08:49:00";"42";"Sem vítima";"325,040";"BR-101/RJ";"Crescente";"Engavetamento";2;0;0;0;0;1;0;0;0;0;3;0;0;0;0
"07/12/2024";"12:34:00";"71";"Sem vítima";"324,300";"BR-101/RJ";"Decrescente";"Engavetamento";4;0;0;0;0;0;0;0;0;0;8;0;0;0;0
"07/12/2024";"15:15:00";"104";"Com vítima";"329,040";"BR-101/RJ";"Decrescente";"Choque";1;0;0;1;0;0;0;0;0;0;1;1;0;0;0
"09/12/2024";"22:32:00";"152";"Com vítima";"326,104";"BR-101/RJ";"Decrescente";"Queda de moto";0;0;0;1;0;0;0;0;0;0;0;1;1;0;0
"10/12/2024";"08:17:00";"28";"Sem vítima";"323,560";"BR-101/RJ";"Crescente";"Colisão traseira";1;0;0;0;0;0;0;0;0;0;1;0;0;0;0
"10/12/2024";"14:22:00";"66";"Sem vítima";"324,040";"BR-101/RJ";"Crescente";"Colisão traseira";2;0;0;0;0;0;0;0;0;0;2;0;0;0;0
"11/12/2024";"13:34:00";"49";"Sem vítima";"0,299";"Acesso N ";"Crescente";"Colisão traseira";2;0;0;0;0;0;0;0;0;0;2;0;0;0;0
"11/12/2024";"16:58:00";"68";"Sem vítima";"330,000";"BR-101/RJ";"Decrescente";"Colisão lateral no mesmo sentido";0;0;0;1;0;1;0;0;0;0;2;0;0;0;0
"12/12/2024";"06:01:00";"14";"Com vítima";"0,703";"Acesso N ";"Crescente";"Colisão traseira";1;0;0;0;1;0;0;0;0;0;1;1;0;0;0
"12/12/2024";"10:57:00";"41";"Com vítima";"331,440";"BR-101/RJ";"Decrescente";"Choque";0;0;1;1;0;0;0;0;0;0;1;0;1;0;0
"12/12/2024";"14:07:00";"61";"Com vítima";"323,780";"BR-101/RJ";"Decrescente";"Choque";2;0;0;0;0;0;0;0;0;0;1;0;1;0;0
"12/12/2024";"22:07:00";"124";"Com vítima";"322,255";"BR-101/RJ";"Decrescente";"Engavetamento";5;0;0;0;0;0;0;0;0;0;8;1;0;0;0
"13/12/2024";"04:28:00";"6";"Com vítima";"323,560";"BR-101/RJ";"Decrescente";"Colisão traseira";2;0;0;0;0;0;0;0;0;0;4;1;0;0;0
"13/12/2024";"11:44:00";"38";"Com vítima";"324,300";"BR-101/RJ";"Decrescente";"Colisão traseira";1;0;0;0;0;0;0;0;0;0;0;2;0;0;0
"13/12/2024";"15:47:00";"69";"Com vítima";"331,660";"BR-101/RJ";"Decrescente";"Colisão traseira";2;0;0;0;0;0;0;0;0;0;2;1;0;0;0
"14/12/2024";"15:58:00";"82";"Com vítima";"330,720";"BR-101/RJ";"Decrescente";"Queda de moto";0;0;0;1;0;0;0;0;0;0;0;1;0;0;0
"15/12/2024";"06:09:00";"6";"Sem vítima";"331,660";"BR-101/RJ";"Decrescente";"Colisão lateral no mesmo sentido";2;0;0;0;0;0;0;0;0;0;2;0;0;0;0
"16/12/2024";"07:59:00";"28";"Com vítima";"321,600";"Acesso N ";"Crescente";"Atropelamento de pedestre";0;0;0;1;0;0;0;0;0;0;1;0;1;0;0
"16/12/2024";"10:57:00";"50";"Sem vítima";"322,255";"BR-101/RJ";"Decrescente";"Colisão lateral no mesmo sentido";2;0;0;0;0;0;0;0;0;0;2;0;0;0;0
"16/12/2024";"16:56:00";"95";"Com vítima";"328,800";"BR-101/RJ";"Decrescente";"Colisão lateral no mesmo sentido";0;0;0;1;0;0;0;0;0;0;0;1;0;0;0
"17/12/2024";"09:28:00";"39";"Sem vítima";"322,610";"BR-101/RJ";"Crescente";"Colisão lateral no mesmo sentido";2;0;0;0;0;0;0;0;0;0;2;0;0;0;0
"17/12/2024";"13:49:00";"69";"Sem vítima";"325,568";"BR-101/RJ";"Crescente";"Engavetamento";5;0;0;1;0;0;0;0;0;1;7;0;0;0;0
"17/12/2024";"18:21:00";"114";"Com vítima";"324,300";"BR-101/RJ";"Decrescente";"Colisão lateral no mesmo sentido";1;0;0;1;0;0;0;0;0;0;1;1;0;0;0
"18/12/2024";"07:05:00";"18";"Com vítima";"326,608";"BR-101/RJ";"Decrescente";"Engavetamento";3;0;0;0;0;0;0;0;0;0;0;5;0;0;0
"18/12/2024";"08:37:00";"24";"Sem vítima";"324,800";"BR-101/RJ";"Crescente";"Colisão traseira";2;0;0;0;0;0;0;0;0;0;3;0;0;0;0
"19/12/2024";"16:05:00";"101";"Com vítima";"331,660";"BR-101/RJ";"Crescente";"Queda de moto";0;0;0;1;0;0;0;0;0;0;0;1;0;0;0
"19/12/2024";"20:57:00";"150";"Sem vítima";"328,752";"BR-101/RJ";"Decrescente";"Colisão lateral no mesmo sentido";2;0;0;1;0;0;0;0;0;0;4;0;0;0;0
"20/12/2024";"14:16:00";"81";"Sem vítima";"0,042";"Acesso N ";"Crescente";"Colisão traseira";1;0;0;1;0;0;0;0;0;0;3;0;0;0;0
"22/12/2024";"17:46:00";"70";"Com vítima";"333,620";"BR-101/RJ";"Crescente";"Colisão lateral no mesmo sentido";1;0;0;0;1;0;0;0;0;0;51;3;0;0;0
"23/12/2024";"04:08:00";"9";"Com vítima";"322,067";"Acesso N ";"Crescente";"Choque";1;0;0;0;0;0;0;0;0;0;5;1;0;0;0
"23/12/2024";"21:43:00";"120";"Com vítima";"333,620";"BR-101/RJ";"Crescente";"Queda de moto";0;0;0;1;0;0;0;0;0;0;0;1;0;0;0
"24/12/2024";"18:55:00";"77";"Com vítima";"327,600";"BR-101/RJ";"Crescente";"Choque";1;0;0;0;0;0;0;0;0;0;0;0;1;0;0
"25/12/2024";"16:16:00";"42";"Com vítima";"323,340";"BR-101/RJ";"Crescente";"Queda de moto";0;0;0;1;0;0;0;0;0;0;0;0;1;0;0
"26/12/2024";"17:01:00";"88";"Com vítima";"330,000";"BR-101/RJ";"Decrescente";"Queda de moto";3;0;0;1;0;0;0;0;0;0;3;2;0;0;0
"26/12/2024";"17:03:00";"89";"Sem vítima";"0,703";"Acesso N ";"Crescente";"Queda de moto";0;0;0;1;0;0;0;0;0;0;1;0;0;0;0
"27/12/2024";"06:23:00";"12";"Com vítima";"326,440";"BR-101/RJ";"Decrescente";"Colisão lateral no mesmo sentido";2;0;0;0;0;0;0;0;0;0;1;1;0;0;0
"28/12/2024";"10:40:00";"54";"Com vítima";"325,280";"BR-101/RJ";"Decrescente";"Colisão traseira";2;0;0;0;0;0;0;0;0;0;2;1;0;0;0
"28/12/2024";"12:40:00";"71";"Com vítima";"328,320";"BR-101/RJ";"Crescente";"Queda de moto";1;0;0;0;0;0;0;0;0;0;0;0;0;1;0
"30/12/2024";"09:27:00";"37";"Com vítima";"330,000";"BR-101/RJ";"Crescente";"Queda de moto";0;0;0;1;0;0;0;0;0;0;0;2;0;0;0
"30/12/2024";"21:28:00";"122";"Sem vítima";"324,040";"BR-101/RJ";"Decrescente";"Colisão traseira";2;0;0;0;0;0;0;0;0;0;3;0;0;0;0
"02/01/2025";"06:36:00";"15";"Com vítima";"327,280";"BR-101/RJ";"Crescente";"Colisão traseira";1;0;0;1;0;0;0;0;0;0;1;1;0;0;0
"02/01/2025";"14:27:00";"90";"Com vítima";"331,660";"BR-101/RJ";"Decrescente";"Colisão traseira";1;0;1;0;0;0;0;0;0;0;2;2;0;0;0
"03/01/2025";"07:37:00";"31";"Sem vítima";"331,200";"BR-101/RJ";"Decrescente";"Colisão traseira";2;0;0;0;0;0;0;0;0;0;5;0;0;0;0
"03/01/2025";"13:49:00";"86";"Sem vítima";"0,669";"Acesso R ";"Crescente";"Choque";1;0;0;0;0;0;0;0;0;0;3;0;0;0;0
"04/01/2025";"02:23:00";"8";"Sem vítima";"0,703";"Acesso N ";"Crescente";"Choque";1;0;0;0;0;0;0;0;0;0;1;0;0;0;0
"04/01/2025";"12:13:00";"58";"Sem vítima";"322,255";"BR-101/RJ";"Crescente";"Colisão lateral no mesmo sentido";2;0;0;0;0;1;0;0;0;0;4;0;0;0;0
"04/01/2025";"15:34:00";"79";"Sem vítima";"325,280";"BR-101/RJ";"Crescente";"Choque";1;0;0;0;0;0;0;0;0;0;1;0;0;0;0
"05/01/2025";"05:19:00";"4";"Com vítima";"322,255";"BR-101/RJ";"Decrescente";"Choque";1;0;0;0;0;0;0;0;0;0;0;1;0;0;0
"06/01/2025";"08:49:00";"44";"Com vítima";"323,070";"BR-101/RJ";"Decrescente";"Choque";0;0;0;0;1;0;0;0;0;1;1;0;1;0;0
"08/01/2025";"09:32:00";"27";"Com vítima";"322,610";"BR-101/RJ";"Crescente";"Queda de moto";0;0;0;1;0;0;0;0;0;0;0;1;0;0;0
"09/01/2025";"02:54:00";"5";"Com vítima";"327,600";"BR-101/RJ";"Decrescente";"Choque";2;0;0;0;0;0;0;0;0;0;2;1;0;0;0
"09/01/2025";"10:10:00";"44";"Sem vítima";"329,280";"BR-101/RJ";"Decrescente";"Colisão traseira";0;0;1;0;0;0;0;0;0;1;4;0;0;0;0
"09/01/2025";"11:47:00";"52";"Sem vítima";"322,610";"BR-101/RJ";"Crescente";"Colisão traseira";1;0;1;0;0;0;0;0;0;0;4;0;0;0;0
"09/01/2025";"18:29:00";"99";"Com vítima";"331,440";"BR-101/RJ";"Decrescente";"Colisão lateral no mesmo sentido";1;0;0;1;0;0;0;0;0;0;1;1;0;0;0
"11/01/2025";"07:15:00";"18";"Com vítima";"324,040";"BR-101/RJ";"Decrescente";"Colisão lateral no mesmo sentido";2;0;0;0;0;0;0;0;0;0;4;3;0;0;0
"11/01/2025";"09:54:00";"36";"Com vítima";"323,884";"BR-101/RJ";"Decrescente";"Colisão traseira";4;0;0;0;0;0;0;0;0;0;5;1;0;0;0
"13/01/2025";"11:50:00";"60";"Sem vítima";"325,040";"BR-101/RJ";"Decrescente";"Engavetamento";3;0;0;0;0;0;0;0;0;0;7;0;0;0;0
"13/01/2025";"14:33:00";"100";"Sem vítima";"0,726";"Acesso N ";"Decrescente";"Choque";2;0;0;0;0;0;0;0;0;0;3;0;0;0;0
"13/01/2025";"16:38:00";"123";"Com vítima";"333,460";"BR-101/RJ";"Decrescente";"Queda de moto";0;0;0;1;0;0;0;0;0;0;0;0;1;0;0
"15/01/2025";"12:06:00";"46";"Com vítima";"334,386";"Acesso R ";"Crescente";"Queda de moto";0;0;0;1;0;0;0;0;0;0;0;1;0;0;0
"17/01/2025";"08:40:00";"39";"Sem vítima";"326,272";"BR-101/RJ";"Crescente";"Engavetamento";3;0;0;0;0;0;0;0;0;0;8;0;0;0;0
"17/01/2025";"14:21:00";"100";"Sem vítima";"324,040";"BR-101/RJ";"Crescente";"Colisão traseira";2;0;0;0;0;0;0;0;0;0;3;0;0;0;0
"17/01/2025";"17:58:00";"137";"Com vítima";"0,308";"Acesso N ";"Crescente";"Atropelamento de ciclista";0;1;0;0;1;0;0;0;0;0;1;0;0;0;0
"17/01/2025";"20:08:00";"153";"Com vítima";"325,434";"BR-101/RJ";"Crescente";"Queda de moto";0;0;0;1;0;0;0;0;0;0;0;0;2;0;0
"18/01/2025";"06:11:00";"13";"Sem vítima";"324,040";"BR-101/RJ";"Decrescente";"Engavetamento";3;0;0;0;0;0;0;0;0;0;3;0;0;0;0
"18/01/2025";"10:36:00";"49";"Sem vítima";"322,610";"BR-101/RJ";"Decrescente";"Colisão traseira";2;0;0;0;0;0;0;0;0;0;2;0;0;0;0
"18/01/2025";"15:17:00";"108";"Sem vítima";"323,340";"BR-101/RJ";"Decrescente";"Colisão lateral no mesmo sentido";2;0;0;1;0;0;0;0;0;0;4;0;0;0;0
"19/01/2025";"20:00:00";"91";"Com vítima";"0,000";"Acesso N ";"Crescente";"Choque";0;0;0;1;0;0;0;0;0;0;0;0;0;1;0
"19/01/2025";"22:13:00";"106";"Com vítima";"329,184";"BR-101/RJ";"Crescente";"Choque";2;0;0;0;0;0;0;0;0;0;4;2;0;0;0
"20/01/2025";"07:13:00";"16";"Com vítima";"322,648";"BR-101/RJ";"Decrescente";"Colisão traseira";3;0;0;0;0;0;0;0;0;0;2;1;0;0;0
"20/01/2025";"11:48:00";"52";"Com vítima";"328,896";"BR-101/RJ";"Crescente";"Queda de moto";0;0;0;1;0;0;0;0;0;0;0;2;0;0;0
"22/01/2025";"02:59:00";"8";"Sem vítima";"331,200";"BR-101/RJ";"Decrescente";"Choque";1;0;0;0;0;0;0;0;0;0;1;0;0;0;0
"23/01/2025";"06:05:00";"14";"Com vítima";"327,280";"BR-101/RJ";"Decrescente";"Colisão lateral no mesmo sentido";1;0;0;1;0;0;0;0;0;0;1;1;0;0;0
"24/01/2025";"08:19:00";"23";"Sem vítima";"328,320";"BR-101/RJ";"Decrescente";"Colisão lateral no mesmo sentido";2;0;0;0;0;0;0;0;0;0;4;0;0;0;0
"25/01/2025";"15:52:00";"60";"Com vítima";"330,912";"BR-101/RJ";"Decrescente";"Colisão traseira";1;0;1;0;0;0;0;0;0;0;0;3;0;0;0
"26/01/2025";"21:01:00";"77";"Com vítima";"327,600";"BR-101/RJ";"Decrescente";"Choque";2;0;0;0;0;0;0;0;0;0;1;0;1;0;0
"27/01/2025";"17:14:00";"104";"Sem vítima";"322,255";"BR-101/RJ";"Crescente";"Colisão traseira";1;0;1;0;0;0;0;0;0;0;5;0;0;0;0
"27/01/2025";"18:21:00";"113";"Com vítima";"322,255";"BR-101/RJ";"Decrescente";"Colisão lateral no mesmo sentido";1;0;0;1;0;0;0;0;0;0;2;1;0;0;0
"28/01/2025";"10:16:00";"43";"Sem vítima";"0,221";"Acesso N ";"Crescente";"Queda de moto";0;0;0;1;0;0;0;0;0;0;1;0;0;0;0
"28/01/2025";"12:21:00";"61";"Sem vítima";"322,610";"BR-101/RJ";"Decrescente";"Engavetamento";2;0;1;0;0;0;0;0;0;0;5;0;0;0;0
"28/01/2025";"12:26:00";"62";"Sem vítima";"324,800";"BR-101/RJ";"Crescente";"Colisão traseira";2;0;0;0;0;0;0;0;0;0;5;0;0;0;0
"30/01/2025";"13:37:00";"64";"Com vítima";"0,377";"Acesso N ";"Crescente";"Choque";1;0;0;0;0;0;0;0;0;0;0;1;0;0;0
"30/01/2025";"21:09:00";"116";"Com vítima";"328,464";"BR-101/RJ";"Decrescente";"Choque";1;0;0;1;0;0;0;0;0;0;1;0;2;0;0
"30/01/2025";"21:33:00";"118";"Sem vítima";"322,420";"BR-101/RJ";"Decrescente";"Choque";1;0;0;1;0;0;0;0;0;0;2;0;0;0;0
"31/01/2025";"10:49:00";"38";"Sem vítima";"328,464";"BR-101/RJ";"Decrescente";"Colisão lateral no mesmo sentido";1;0;0;0;0;1;0;0;0;1;4;0;0;0;0
"31/01/2025";"18:23:00";"114";"Com vítima";"333,002";"BR-101/RJ";"Crescente";"Queda de moto";0;0;0;1;0;0;0;0;0;0;0;1;0;0;0
"31/01/2025";"19:06:00";"118";"Com vítima";"322,610";"BR-101/RJ";"Decrescente";"Queda de moto";0;0;0;1;0;0;0;0;0;0;0;1;0;0;0
"03/02/2025";"16:32:00";"92";"Com vítima";"327,696";"BR-101/RJ";"Decrescente";"Colisão traseira";0;0;0;1;0;0;0;0;0;0;0;1;1;0;0
"04/02/2025";"05:29:00";"10";"Sem vítima";"333,560";"BR-101/RJ";"Decrescente";"Choque";0;0;2;0;0;0;0;0;0;0;2;0;0;0;0
"05/02/2025";"06:15:00";"16";"Com vítima";"325,434";"BR-101/RJ";"Crescente";"Colisão traseira";2;0;0;0;0;0;0;0;0;0;1;1;0;0;0
"05/02/2025";"11:29:00";"61";"Com vítima";"0,042";"Acesso N ";"Crescente";"Colisão lateral no mesmo sentido";1;0;0;1;0;0;0;0;0;0;2;1;1;0;0
"05/02/2025";"12:33:00";"69";"Sem vítima";"323,516";"BR-101/RJ";"Decrescente";"Colisão traseira";0;0;0;0;1;1;0;0;0;0;2;0;0;0;0
"05/02/2025";"16:25:00";"102";"Com vítima";"332,320";"BR-101/RJ";"Crescente";"Queda de moto";0;0;0;1;0;0;0;0;0;0;0;2;0;0;0
"05/02/2025";"16:44:00";"104";"Sem vítima";"323,340";"BR-101/RJ";"Decrescente";"Engavetamento";4;0;0;0;0;0;0;0;0;0;8;0;0;0;0
"06/02/2025";"11:36:00";"55";"Com vítima";"329,280";"BR-101/RJ";"Crescente";"Queda de moto";0;0;0;1;0;0;0;0;0;0;0;1;0;0;0
"07/02/2025";"13:26:00";"67";"Com vítima";"325,936";"BR-101/RJ";"Crescente";"Colisão lateral no mesmo sentido";1;0;0;1;0;0;0;0;0;0;1;1;0;0;0
"07/02/2025";"19:39:00";"134";"Com vítima";"333,002";"BR-101/RJ";"Decrescente";"Colisão lateral no mesmo sentido";2;0;0;1;0;0;0;0;0;0;3;1;0;0;0
"08/02/2025";"05:18:00";"12";"Com vítima";"328,800";"BR-101/RJ";"Crescente";"Queda de moto";0;0;0;1;0;0;0;0;0;1;0;4;0;0;0
"08/02/2025";"05:44:00";"14";"Sem vítima";"328,320";"BR-101/RJ";"Decrescente";"Colisão traseira";2;0;0;0;0;0;0;0;0;0;7;0;0;0;0
"10/02/2025";"06:24:00";"14";"Com vítima";"322,610";"BR-101/RJ";"Decrescente";"Colisão traseira";1;0;0;1;0;0;0;0;0;0;1;0;0;1;0
"10/02/2025";"07:49:00";"28";"Com vítima";"325,280";"BR-101/RJ";"Decrescente";"Choque";1;0;0;1;0;0;0;0;0;0;1;1;0;0;0
"10/02/2025";"11:10:00";"52";"Sem vítima";"0,221";"Acesso N ";"Crescente";"Queda de moto";0;0;0;1;0;0;0;0;0;0;1;0;0;0;0
"10/02/2025";"18:49:00";"116";"Com vítima";"322,287";"BR-101/RJ";"Crescente";"Colisão traseira";1;0;0;1;0;0;0;0;0;0;1;1;0;0;0
"11/02/2025";"17:46:00";"94";"Com vítima";"332,572";"BR-101/RJ";"Decrescente";"Colisão lateral no mesmo sentido";0;0;0;1;0;0;0;0;0;0;0;0;1;0;0
"12/02/2025";"08:05:00";"26";"Com vítima";"324,040";"BR-101/RJ";"Crescente";"Queda de moto";0;0;0;1;0;0;0;0;0;0;1;1;0;0;0
"12/02/2025";"09:10:00";"34";"Sem vítima";"322,089";"BR-101/RJ";"Crescente";"Engavetamento";3;0;0;0;0;0;0;0;0;0;3;0;0;0;0
"14/02/2025";"19:59:00";"125";"Com vítima";"323,516";"BR-101/RJ";"Decrescente";"Colisão traseira";1;0;0;0;1;0;0;0;0;0;1;0;1;0;0
"14/02/2025";"21:33:00";"148";"Sem vítima";"325,280";"BR-101/RJ";"Decrescente";"Colisão traseira";2;0;0;0;0;0;0;0;0;0;2;0;0;0;0
"17/02/2025";"01:07:00";"6";"Sem vítima";"0,814";"Acesso N ";"Crescente";"Choque";1;0;0;0;0;0;0;0;0;0;1;0;0;0;0
"17/02/2025";"09:44:00";"49";"Com vítima";"325,280";"BR-101/RJ";"Crescente";"Colisão traseira";2;0;0;0;0;0;0;0;0;0;1;1;0;0;0
"17/02/2025";"11:18:00";"66";"Com vítima";"323,340";"BR-101/RJ";"Crescente";"Colisão traseira";0;0;0;1;0;0;0;0;0;0;0;1;0;0;0