data;horario;n_da_ocorrencia;tipo_de_ocorrencia;km;trecho;sentido;tipo_de_acidente;automovel;bicicleta;caminhao;moto;onibus;outros;tracao_animal;transporte_de_cargas_especiais;trator_maquinas;utilitarios;ilesos;levemente_feridos;moderadamente_feridos;gravemente_feridos;mortos
"10/06/2025";"17:58:00";"75";"Com vítima";"329,040";"BR-101/RJ";"Decrescente";"Queda de moto";0;0;0;1;0;0;0;0;0;0;0;1;0;0;0
"10/06/2025";"18:45:00";"80";"Sem vítima";"322,610";"BR-101/RJ";"Decrescente";"Colisão traseira";2;0;0;0;0;0;0;0;0;0;2;0;0;0;0
"10/06/2025";"21:46:00";"95";"Com vítima";"0,703";"Acesso N ";"Crescente";"Atropelamento de pedestre";0;0;0;1;0;0;0;0;0;0;0;1;1;0;0
"11/06/2025";"07:25:00";"18";"Com vítima";"333,460";"BR-101/RJ";"Decrescente";"Choque";0;0;0;1;0;0;0;0;0;1;1;0;1;0;0
"11/06/2025";"09:23:00";"34";"Com vítima";"330,240";"BR-101/RJ";"Decrescente";"Colisão traseira";1;0;0;1;0;0;0;0;0;0;1;1;0;0;0
"11/06/2025";"12:56:00";"61";"Com vítima";"327,840";"BR-101/RJ";"Crescente";"Colisão lateral no mesmo sentido";2;0;0;0;0;0;0;0;0;0;1;1;0;0;0
"14/06/2025";"06:52:00";"22";"Com vítima";"324,800";"BR-101/RJ";"Decrescente";"Colisão traseira";1;0;2;1;0;1;0;0;0;0;3;1;1;0;0
"14/06/2025";"16:31:00";"66";"Com vítima";"322,089";"BR-101/RJ";"Decrescente";"Colisão traseira";1;0;1;0;0;0;0;0;0;0;1;1;0;0;0
"15/06/2025";"10:05:00";"27";"Com vítima";"0,042";"Acesso N ";"Crescente";"Colisão traseira";1;0;0;1;0;0;0;0;0;0;1;1;0;0;0
"15/06/2025";"22:33:00";"85";"Com vítima";"329,520";"BR-101/RJ";"Crescente";"Capotamento";1;0;0;0;0;0;0;0;0;0;0;0;1;0;0
"16/06/2025";"11:50:00";"39";"Com vítima";"332,500";"BR-101/RJ";"Decrescente";"Colisão lateral no mesmo sentido";2;0;0;1;0;0;0;0;0;0;2;1;0;0;0
"16/06/2025";"19:45:00";"83";"Com vítima";"333,460";"BR-101/RJ";"Decrescente";"Colisão lateral no mesmo sentido";1;0;0;1;0;0;0;0;0;0;4;1;0;0;0
"18/06/2025";"20:15:00";"118";"Com vítima";"326,440";"BR-101/RJ";"Decrescente";"Choque";0;0;1;1;0;0;0;0;0;0;1;0;1;1;0
"19/06/2025";"01:46:00";"6";"Com vítima";"0,377";"Acesso N ";"Crescente";"Queda de moto";1;0;0;0;0;0;0;0;0;0;0;1;0;0;0
"20/06/2025";"17:20:00";"97";"Com vítima";"327,280";"BR-101/RJ";"Crescente";"Colisão traseira";1;0;0;1;0;0;0;0;0;0;7;1;1;0;0
"21/06/2025";"03:16:00";"11";"Com vítima";"333,140";"BR-101/RJ";"Crescente";"Colisão traseira";1;0;0;0;0;1;0;0;0;0;2;1;0;0;0
"21/06/2025";"15:19:00";"55";"Com vítima";"328,080";"BR-101/RJ";"Decrescente";"Colisão traseira";2;0;0;1;0;0;0;0;0;0;2;1;1;0;0
"21/06/2025";"16:15:00";"66";"Com vítima";"322,067";"Acesso N ";"Crescente";"Atropelamento de pedestre";1;0;0;0;0;0;0;0;0;0;2;0;0;1;0
"22/06/2025";"19:28:00";"85";"Com vítima";"327,888";"BR-101/RJ";"Decrescente";"Queda de moto";0;0;0;1;0;0;0;0;0;0;0;1;0;1;0
"22/06/2025";"20:27:00";"92";"Sem vítima";"330,720";"BR-101/RJ";"Crescente";"Colisão lateral no mesmo sentido";1;0;0;1;0;1;0;0;0;0;3;0;0;0;0
"23/06/2025";"14:19:00";"70";"Com vítima";"326,440";"BR-101/RJ";"Decrescente";"Colisão traseira";1;0;0;0;0;0;0;0;0;1;3;0;1;0;0
"23/06/2025";"18:45:00";"108";"Sem vítima";"322,255";"BR-101/RJ";"Crescente";"Colisão lateral no mesmo sentido";1;0;0;0;0;0;0;0;0;1;4;0;0;0;0
"24/06/2025";"21:42:00";"95";"Sem vítima";"330,720";"BR-101/RJ";"Crescente";"Queda de moto";0;0;0;1;0;0;0;0;0;0;1;0;0;0;0
"25/06/2025";"06:18:00";"19";"Com vítima";"0,703";"Acesso N ";"Crescente";"Queda de moto";2;0;0;0;0;0;0;0;0;0;1;1;0;0;0
"25/06/2025";"09:23:00";"39";"Com vítima";"2,053";"Acesso R3";"Crescente";"Queda de moto";0;0;0;1;0;0;0;0;0;0;1;1;0;0;0
"26/06/2025";"11:15:00";"40";"Com vítima";"326,776";"BR-101/RJ";"Decrescente";"Colisão traseira";0;0;0;1;0;0;0;0;0;1;1;0;1;0;0
"26/06/2025";"12:17:00";"47";"Com vítima";"0,000";"Acesso R ";"Crescente";"Colisão traseira";2;0;0;0;0;0;0;0;0;0;4;1;0;0;0
"26/06/2025";"15:31:00";"70";"Com vítima";"333,939";"Acesso R ";"Decrescente";"Colisão lateral no mesmo sentido";1;0;0;2;0;0;0;0;0;0;1;0;2;0;0
"27/06/2025";"10:14:00";"25";"Sem vítima";"331,440";"BR-101/RJ";"Decrescente";"Choque";0;0;1;0;0;0;0;0;0;1;3;0;0;0;0
"30/06/2025";"08:29:00";"22";"Sem vítima";"332,910";"BR-101/RJ";"Crescente";"Colisão lateral no mesmo sentido";1;0;0;1;0;0;0;0;0;0;2;0;0;0;0
"30/06/2025";"17:33:00";"87";"Com vítima";"323,178";"BR-101/RJ";"Decrescente";"Colisão traseira";2;0;0;0;0;0;0;0;0;0;1;1;0;0;0
"01/07/2025";"07:57:00";"21";"Com vítima";"333,140";"BR-101/RJ";"Decrescente";"Engavetamento";3;0;0;0;0;0;0;0;0;0;3;1;0;0;0
"02/07/2025";"08:26:00";"26";"Sem vítima";"332,910";"BR-101/RJ";"Decrescente";"Queda de moto";0;0;0;1;0;0;0;0;0;0;1;0;0;0;0
"02/07/2025";"13:27:00";"54";"Com vítima";"0,703";"Acesso N ";"Crescente";"Colisão lateral no mesmo sentido";1;0;0;1;0;0;0;0;0;0;1;1;0;0;0
"02/07/2025";"14:06:00";"60";"Com vítima";"326,440";"BR-101/RJ";"Crescente";"Choque";0;0;1;0;0;0;0;0;0;1;1;0;0;2;0
"02/07/2025";"17:23:00";"84";"Com vítima";"322,255";"BR-101/RJ";"Decrescente";"Colisão traseira";1;0;0;1;0;0;0;0;0;0;1;1;0;0;0
"03/07/2025";"20:31:00";"79";"Com vítima";"327,600";"BR-101/RJ";"Decrescente";"Choque";3;0;0;0;0;0;0;0;0;0;5;0;1;0;0
"04/07/2025";"13:09:00";"48";"Com vítima";"331,200";"BR-101/RJ";"Decrescente";"Colisão traseira";2;0;0;0;0;0;0;0;0;0;1;1;0;0;0
"04/07/2025";"16:44:00";"66";"Com vítima";"323,340";"BR-101/RJ";"Decrescente";"Colisão lateral no mesmo sentido";1;0;0;1;0;0;0;0;0;1;2;1;0;0;0
"05/07/2025";"02:19:00";"2";"Com vítima";"333,300";"BR-101/RJ";"Crescente";"Queda de moto";0;0;0;1;0;0;0;0;0;0;0;0;1;0;0
"05/07/2025";"10:07:00";"36";"Sem vítima";"324,550";"BR-101/RJ";"Decrescente";"Queda de moto";0;0;0;1;0;0;0;0;0;0;1;0;0;0;0
"05/07/2025";"14:26:00";"64";"Sem vítima";"322,255";"BR-101/RJ";"Decrescente";"Colisão frontal";1;0;0;0;0;0;0;0;0;0;3;0;0;0;0
"07/07/2025";"13:17:00";"47";"Com vítima";"322,089";"BR-101/RJ";"Decrescente";"Colisão lateral no mesmo sentido";1;0;0;1;0;0;0;0;0;0;3;1;0;0;0
"07/07/2025";"19:33:00";"88";"Com vítima";"323,340";"BR-101/RJ";"Crescente";"Colisão traseira";0;0;0;1;0;1;0;0;0;0;0;1;0;0;0
"08/07/2025";"07:01:00";"19";"Sem vítima";"322,255";"BR-101/RJ";"Crescente";"Colisão traseira";2;0;0;1;0;0;0;0;0;0;4;0;0;0;0
"08/07/2025";"17:58:00";"82";"Sem vítima";"331,660";"BR-101/RJ";"Decrescente";"Engavetamento";3;0;0;0;0;0;0;0;0;0;3;0;0;0;0
"09/07/2025";"08:58:00";"39";"Com vítima";"327,888";"BR-101/RJ";"Crescente";"Colisão traseira";0;0;0;1;0;0;0;0;0;0;0;1;0;0;0
"10/07/2025";"11:49:00";"46";"Sem vítima";"0,814";"Acesso N ";"Crescente";"Colisão traseira";2;0;0;0;0;0;0;0;0;0;5;0;0;0;0
"10/07/2025";"19:51:00";"100";"Sem vítima";"330,240";"BR-101/RJ";"Decrescente";"Colisão lateral no mesmo sentido";2;0;0;1;0;0;0;0;0;0;3;0;0;0;0
"12/07/2025";"05:06:00";"14";"Com vítima";"326,272";"BR-101/RJ";"Decrescente";"Queda de moto";0;0;0;1;0;0;0;0;0;0;0;0;2;0;0
"14/07/2025";"07:59:00";"20";"Com vítima";"322,067";"Acesso N ";"Crescente";"Queda de moto";0;0;0;1;0;0;0;0;0;0;0;1;0;0;0
"14/07/2025";"14:21:00";"54";"Com vítima";"333,624";"Acesso R ";"Crescente";"Queda de moto";0;0;0;1;0;0;0;0;0;0;0;2;0;0;0
"16/07/2025";"06:02:00";"13";"Sem vítima";"324,040";"BR-101/RJ";"Crescente";"Colisão lateral no mesmo sentido";1;0;0;0;1;0;0;0;0;0;3;0;0;0;0
"16/07/2025";"11:45:00";"44";"Sem vítima";"323,780";"BR-101/RJ";"Decrescente";"Engavetamento";3;0;0;0;0;0;0;0;0;0;4;0;0;0;0
"16/07/2025";"15:36:00";"71";"Sem vítima";"332,320";"BR-101/RJ";"Decrescente";"Colisão traseira";1;0;0;1;0;0;0;0;0;0;2;0;0;0;0
"17/07/2025";"01:13:00";"6";"Sem vítima";"325,344";"BR-101/RJ";"Decrescente";"Choque";1;0;0;0;0;0;0;0;0;0;3;0;0;0;0
"18/07/2025";"13:20:00";"69";"Com vítima";"331,104";"BR-101/RJ";"Decrescente";"Queda de moto";0;0;0;1;0;0;0;0;0;0;0;1;0;0;0
"19/07/2025";"05:41:00";"9";"Com vítima";"322,610";"BR-101/RJ";"Decrescente";"Colisão traseira";0;0;0;1;0;1;0;0;0;0;1;1;0;0;0
"20/07/2025";"00:49:00";"2";"Sem vítima";"322,255";"BR-101/RJ";"Decrescente";"Colisão traseira";3;0;0;0;0;0;0;0;0;0;9;0;0;0;0
"22/07/2025";"11:10:00";"38";"Sem vítima";"323,340";"BR-101/RJ";"Decrescente";"Colisão lateral no mesmo sentido";1;0;1;0;0;0;0;0;0;0;2;0;0;0;0
"22/07/2025";"11:51:00";"44";"Sem vítima";"326,272";"BR-101/RJ";"Decrescente";"Colisão traseira";1;0;0;1;0;0;0;0;0;0;3;0;0;0;0
"22/07/2025";"12:26:00";"45";"Com vítima";"328,800";"BR-101/RJ";"Decrescente";"Colisão traseira";0;0;0;1;0;1;0;0;0;0;1;0;1;0;0
"22/07/2025";"15:10:00";"72";"Com vítima";"0,703";"Acesso N ";"Crescente";"Queda de moto";0;0;0;1;0;0;0;0;0;0;0;1;0;0;0
"22/07/2025";"17:12:00";"96";"Sem vítima";"332,680";"BR-101/RJ";"Crescente";"Colisão traseira";1;0;0;1;0;0;0;0;0;0;2;0;0;0;0
"23/07/2025";"07:18:00";"18";"Com vítima";"323,560";"BR-101/RJ";"Crescente";"Choque";1;0;0;0;0;0;0;0;0;0;0;1;0;0;0
"23/07/2025";"07:23:00";"19";"Com vítima";"327,840";"BR-101/RJ";"Decrescente";"Colisão lateral no mesmo sentido";0;0;0;2;0;2;0;0;0;0;2;1;0;0;0
"23/07/2025";"23:40:00";"132";"Com vítima";"331,660";"BR-101/RJ";"Decrescente";"Colisão lateral no mesmo sentido";0;0;0;2;0;0;0;0;0;0;1;2;0;0;0
"24/07/2025";"18:29:00";"77";"Sem vítima";"324,896";"BR-101/RJ";"Decrescente";"Colisão lateral no mesmo sentido";3;0;0;0;0;0;0;0;0;0;7;0;0;0;0
"26/07/2025";"10:45:00";"52";"Com vítima";"325,600";"BR-101/RJ";"Decrescente";"Colisão lateral no mesmo sentido";1;0;0;1;0;0;0;0;0;0;2;1;1;0;0
"26/07/2025";"10:48:00";"53";"Sem vítima";"322,255";"BR-101/RJ";"Decrescente";"Colisão lateral no mesmo sentido";0;0;0;1;0;0;0;0;0;0;2;0;0;0;0
"26/07/2025";"13:29:00";"73";"Com vítima";"325,434";"BR-101/RJ";"Decrescente";"Colisão traseira";1;0;0;2;0;0;0;0;0;0;4;1;0;0;0
"26/07/2025";"19:51:00";"123";"Sem vítima";"322,908";"BR-101/RJ";"Decrescente";"Engavetamento";2;0;0;2;0;0;0;0;0;0;8;0;0;0;0
"28/07/2025";"18:49:00";"115";"Com vítima";"329,280";"BR-101/RJ";"Decrescente";"Colisão traseira";0;0;0;1;0;0;0;0;0;0;0;1;0;0;0
"29/07/2025";"19:55:00";"94";"Com vítima";"324,550";"BR-101/RJ";"Decrescente";"Colisão traseira";2;0;0;0;0;0;0;0;0;0;1;1;0;0;0
"31/07/2025";"07:33:00";"25";"Com vítima";"325,600";"BR-101/RJ";"Crescente";"Colisão traseira";0;0;0;2;0;0;0;0;0;0;1;1;0;0;0
"31/07/2025";"12:29:00";"59";"Sem vítima";"0,826";"Acesso R ";"Crescente";"Queda de moto";0;0;0;1;0;0;0;0;0;0;2;0;0;0;0
"01/08/2025";"12:40:00";"59";"Com vítima";"324,040";"BR-101/RJ";"Crescente";"Colisão traseira";2;0;0;1;0;1;0;0;0;0;5;1;0;0;0
"01/08/2025";"16:32:00";"85";"Sem vítima";"333,560";"BR-101/RJ";"Decrescente";"Colisão traseira";0;0;0;2;0;0;0;0;0;0;2;0;0;0;0
"01/08/2025";"17:23:00";"98";"Sem vítima";"333,560";"BR-101/RJ";"Decrescente";"Colisão lateral no mesmo sentido";1;0;0;1;0;0;0;0;0;0;2;0;0;0;0
"02/08/2025";"01:28:00";"4";"Sem vítima";"330,240";"BR-101/RJ";"Crescente";"Colisão lateral no mesmo sentido";2;0;0;0;0;0;0;0;0;0;3;0;0;0;0
"03/08/2025";"20:56:00";"107";"Com vítima";"330,000";"BR-101/RJ";"Decrescente";"Colisão traseira";1;0;0;1;0;0;0;0;0;0;4;0;1;0;0
"04/08/2025";"07:42:00";"22";"Com vítima";"322,089";"BR-101/RJ";"Decrescente";"Queda de moto";0;0;0;1;0;1;0;0;0;0;1;1;0;0;0
"04/08/2025";"09:21:00";"31";"Sem vítima";"332,320";"BR-101/RJ";"Decrescente";"Colisão traseira";0;0;0;2;0;0;0;0;0;0;3;0;0;0;0
"05/08/2025";"11:46:00";"44";"Com vítima";"327,280";"BR-101/RJ";"Crescente";"Colisão traseira";0;0;1;1;0;0;0;0;0;0;1;1;0;0;0
"05/08/2025";"14:14:00";"56";"Sem vítima";"0,703";"Acesso N ";"Crescente";"Colisão traseira";1;0;0;0;1;0;0;0;0;0;2;0;0;0;0
"05/08/2025";"14:21:00";"57";"Sem vítima";"0,703";"Acesso N ";"Crescente";"Engavetamento";2;0;1;0;0;0;0;0;0;0;6;0;0;0;0
"06/08/2025";"12:07:00";"35";"Com vítima";"322,496";"BR-101/RJ";"Crescente";"Colisão traseira";2;0;0;0;0;0;0;0;0;0;0;1;1;0;0
"06/08/2025";"12:17:00";"37";"Com vítima";"327,840";"BR-101/RJ";"Crescente";"Colisão traseira";0;0;1;1;0;0;0;0;0;0;1;0;0;1;0
"07/08/2025";"10:22:00";"36";"Sem vítima";"323,340";"BR-101/RJ";"Crescente";"Engavetamento";3;0;0;0;0;0;0;0;0;0;3;0;0;0;0
"07/08/2025";"14:17:00";"57";"Com vítima";"0,337";"Acesso N ";"Crescente";"Colisão traseira";1;0;0;1;0;0;0;0;0;0;1;0;1;0;0
"07/08/2025";"20:42:00";"108";"Com vítima";"0,000";"Acesso R ";"Crescente";"Queda de moto";1;0;0;0;0;0;0;0;0;0;0;1;0;0;0
"08/08/2025";"15:51:00";"71";"Com vítima";"332,956";"BR-101/RJ";"Decrescente";"Queda de moto";0;0;0;1;0;1;0;0;0;0;2;0;1;0;0
"08/08/2025";"17:49:00";"85";"Sem vítima";"324,300";"BR-101/RJ";"Decrescente";"Colisão lateral no mesmo sentido";2;0;0;1;0;0;0;0;0;0;5;0;0;0;0
"09/08/2025";"18:03:00";"73";"Sem vítima";"322,255";"BR-101/RJ";"Decrescente";"Queda de moto";0;0;0;1;0;0;0;0;0;0;2;0;0;0;0
"11/08/2025";"12:23:00";"59";"Com vítima";"322,420";"BR-101/RJ";"Crescente";"Colisão traseira";2;0;0;0;0;0;0;0;0;0;1;2;0;0;0
"12/08/2025";"05:09:00";"6";"Com vítima";"331,792";"BR-101/RJ";"Crescente";"Colisão traseira";0;0;1;0;0;0;0;0;0;2;3;1;0;0;0
"12/08/2025";"06:55:00";"15";"Sem vítima";"333,140";"BR-101/RJ";"Crescente";"Colisão traseira";2;0;0;1;0;0;0;0;0;0;7;0;0;0;0
"12/08/2025";"17:34:00";"76";"Sem vítima";"324,800";"BR-101/RJ";"Crescente";"Colisão traseira";2;0;0;0;0;1;0;0;0;0;3;0;0;0;0
"12/08/2025";"18:13:00";"80";"Sem vítima";"324,800";"BR-101/RJ";"Crescente";"Colisão traseira";2;0;0;0;0;0;0;0;0;0;3;0;0;0;0
"13/08/2025";"07:44:00";"23";"Sem vítima";"333,939";"Acesso R ";"Decrescente";"Colisão traseira";1;0;0;1;0;1;0;0;0;0;3;0;0;0;0
"13/08/2025";"15:07:00";"80";"Com vítima";"330,000";"BR-101/RJ";"Crescente";"Colisão traseira";1;0;0;1;0;0;0;0;0;0;0;2;0;0;0
"13/08/2025";"17:19:00";"97";"Sem vítima";"0,347";"Mergulhão";"Decrescente";"Colisão traseira";1;0;0;1;0;0;0;0;0;0;4;0;0;0;0
"14/08/2025";"07:17:00";"21";"Com vítima";"0,703";"Acesso N ";"Crescente";"Colisão traseira";1;0;0;1;0;0;0;0;0;0;1;1;0;0;0
"14/08/2025";"11:21:00";"49";"Sem vítima";"322,067";"Acesso N ";"Crescente";"Colisão lateral no mesmo sentido";1;0;0;1;0;0;0;0;0;0;2;0;0;0;0
"14/08/2025";"15:50:00";"76";"Sem vítima";"333,460";"BR-101/RJ";"Decrescente";"Colisão lateral no mesmo sentido";2;0;0;0;0;1;0;0;0;0;4;0;0;0;0
"16/08/2025";"07:00:00";"11";"Com vítima";"322,089";"BR-101/RJ";"Decrescente";"Colisão traseira";1;0;0;1;0;0;0;0;0;0;3;1;0;0;0
"16/08/2025";"22:22:00";"92";"Com vítima";"322,255";"BR-101/RJ";"Decrescente";"Choque";1;0;0;0;0;0;0;0;0;0;0;1;0;0;0
"17/08/2025";"11:20:00";"31";"Com vítima";"323,070";"BR-101/RJ";"Crescente";"Colisão traseira";1;0;0;1;0;0;0;0;0;0;4;1;0;0;0
"17/08/2025";"17:39:00";"54";"Sem vítima";"322,420";"BR-101/RJ";"Decrescente";"Colisão lateral no mesmo sentido";3;0;0;0;0;0;0;0;0;0;4;0;0;0;0
"19/08/2025";"11:48:00";"47";"Sem vítima";"322,420";"BR-101/RJ";"Decrescente";"Colisão lateral no mesmo sentido";1;0;0;1;0;0;0;0;0;0;4;0;0;0;0
"19/08/2025";"13:25:00";"53";"Sem vítima";"322,255";"BR-101/RJ";"Decrescente";"Colisão traseira";2;0;0;0;0;0;0;0;0;0;2;0;0;0;0
"19/08/2025";"22:27:00";"116";"Com vítima";"0,669";"Acesso R ";"Crescente";"Queda de moto";0;0;0;1;0;0;0;0;0;0;0;0;1;0;0
"20/08/2025";"07:28:00";"17";"Com vítima";"2,056";"Acesso R3";"Crescente";"Colisão traseira";1;0;0;1;0;0;0;0;0;0;1;1;0;0;0
"22/08/2025";"16:37:00";"86";"Sem vítima";"333,140";"BR-101/RJ";"Decrescente";"Colisão lateral no mesmo sentido";1;0;0;1;0;0;0;0;0;0;2;0;0;0;0
"23/08/2025";"05:21:00";"11";"Sem vítima";"321,600";"Acesso N ";"Crescente";"Choque";1;0;0;0;0;0;0;0;0;0;1;0;0;0;0
"26/08/2025";"13:32:00";"52";"Com vítima";"324,040";"BR-101/RJ";"Decrescente";"Colisão traseira";3;0;0;0;0;0;0;0;0;0;3;1;0;0;0
"26/08/2025";"14:36:00";"63";"Sem vítima";"322,255";"BR-101/RJ";"Crescente";"Colisão lateral no mesmo sentido";2;0;0;0;0;0;0;0;0;0;4;0;0;0;0
"27/08/2025";"21:33:00";"130";"Com vítima";"0,347";"Mergulhão";"Decrescente";"Colisão traseira";0;0;0;1;0;1;0;0;0;0;1;1;0;0;0
"28/08/2025";"07:23:00";"18";"Com vítima";"323,560";"BR-101/RJ";"Crescente";"Colisão lateral no mesmo sentido";1;0;0;1;0;0;0;0;0;1;2;0;1;0;0
"28/08/2025";"18:15:00";"107";"Sem vítima";"322,255";"BR-101/RJ";"Decrescente";"Colisão traseira";2;0;0;0;0;0;0;0;0;0;2;0;0;0;0
"29/08/2025";"06:52:00";"12";"Com vítima";"323,070";"BR-101/RJ";"Crescente";"Colisão lateral no mesmo sentido";2;0;0;1;0;0;0;0;0;0;2;1;0;0;0
"30/08/2025";"12:41:00";"41";"Com vítima";"322,610";"BR-101/RJ";"Decrescente";"Queda de moto";0;0;0;1;0;0;0;0;0;0;1;1;0;0;0
"31/08/2025";"14:26:00";"48";"Sem vítima";"331,660";"BR-101/RJ";"Crescente";"Queda de moto";0;0;0;1;0;0;0;0;0;0;2;0;0;0;0
"01/09/2025";"07:23:00";"25";"Sem vítima";"330,336";"BR-101/RJ";"Crescente";"Engavetamento";2;0;0;0;1;1;0;0;0;1;5;0;0;0;0
"01/09/2025";"16:15:00";"82";"Com vítima";"332,910";"BR-101/RJ";"Decrescente";"Queda de moto";0;0;0;1;0;0;0;0;0;0;0;1;0;0;0
"01/09/2025";"18:26:00";"95";"Com vítima";"0,449";"Acesso N ";"Crescente";"Queda de moto";0;0;0;1;0;0;0;0;0;0;0;1;0;0;0
"02/09/2025";"08:05:00";"22";"Sem vítima";"0,666";"Acesso R ";"Crescente";"Colisão traseira";1;0;0;0;1;0;0;0;0;0;2;0;0;0;0
"02/09/2025";"12:18:00";"51";"Com vítima";"324,300";"BR-101/RJ";"Crescente";"Colisão traseira";1;0;1;1;0;0;0;0;0;0;2;1;0;0;0
"02/09/2025";"13:44:00";"63";"Sem vítima";"322,255";"BR-101/RJ";"Decrescente";"Colisão lateral no mesmo sentido";2;0;0;0;0;0;0;0;0;0;2;0;0;0;0
"02/09/2025";"15:51:00";"79";"Sem vítima";"323,560";"BR-101/RJ";"Decrescente";"Colisão traseira";2;0;0;0;0;0;0;0;0;0;2;0;0;0;0
"02/09/2025";"16:34:00";"88";"Sem vítima";"325,040";"BR-101/RJ";"Decrescente";"Colisão traseira";1;0;0;0;0;0;0;0;0;1;6;0;0;0;0
"03/09/2025";"06:53:00";"12";"Com vítima";"322,089";"BR-101/RJ";"Crescente";"Colisão traseira";2;0;0;0;0;0;0;0;0;0;2;2;0;0;0
"03/09/2025";"07:26:00";"19";"Com vítima";"330,720";"BR-101/RJ";"Crescente";"Queda de moto";0;0;0;1;0;0;0;0;0;0;0;1;1;0;0
"03/09/2025";"09:32:00";"37";"Sem vítima";"323,384";"BR-101/RJ";"Crescente";"Colisão traseira";2;0;0;0;0;0;0;0;0;0;2;0;0;0;0
"03/09/2025";"16:47:00";"76";"Sem vítima";"326,440";"BR-101/RJ";"Decrescente";"Colisão lateral no mesmo sentido";2;0;0;0;0;0;0;0;0;0;2;0;0;0;0
"03/09/2025";"16:54:00";"77";"Com vítima";"327,600";"BR-101/RJ";"Decrescente";"Colisão lateral no mesmo sentido";1;0;0;1;0;0;0;0;0;0;1;2;0;0;0
"03/09/2025";"18:34:00";"85";"Com vítima";"0,377";"Acesso N ";"Crescente";"Colisão lateral no mesmo sentido";0;0;0;1;0;1;0;0;0;0;1;2;0;0;0
"04/09/2025";"16:33:00";"88";"Sem vítima";"321,600";"Acesso N ";"Crescente";"Colisão lateral no mesmo sentido";1;0;0;1;0;0;0;0;0;0;2;0;0;0;0
"04/09/2025";"20:34:00";"109";"Sem vítima";"330,720";"BR-101/RJ";"Decrescente";"Colisão traseira";3;0;0;0;0;0;0;0;0;0;4;0;0;0;0
"05/09/2025";"04:18:00";"11";"Com vítima";"332,320";"BR-101/RJ";"Decrescente";"Colisão lateral no mesmo sentido";2;0;0;0;0;0;0;0;0;0;0;2;1;1;0
"05/09/2025";"11:28:00";"36";"Com vítima";"330,576";"BR-101/RJ";"Crescente";"Colisão traseira";0;0;0;1;0;0;0;0;0;1;2;0;0;1;0
"05/09/2025";"11:58:00";"37";"Sem vítima";"322,255";"BR-101/RJ";"Decrescente";"Colisão lateral no mesmo sentido";1;0;1;0;0;0;0;0;0;0;2;0;0;0;0
"05/09/2025";"23:43:00";"127";"Com vítima";"332,320";"BR-101/RJ";"Crescente";"Queda de moto";0;0;0;1;0;0;0;0;0;0;0;2;0;0;0
"06/09/2025";"07:04:00";"14";"Sem vítima";"324,040";"BR-101/RJ";"Crescente";"Colisão lateral no mesmo sentido";1;0;0;0;0;1;0;0;0;0;3;0;0;0;0
"06/09/2025";"18:53:00";"79";"Sem vítima";"322,534";"BR-101/RJ";"Decrescente";"Colisão traseira";2;0;0;0;0;0;0;0;0;0;10;0;0;0;0
"07/09/2025";"16:08:00";"56";"Com vítima";"326,440";"BR-101/RJ";"Crescente";"Colisão traseira";2;0;0;0;0;1;0;0;0;0;6;1;1;0;0
"08/09/2025";"09:49:00";"48";"Sem vítima";"325,280";"BR-101/RJ";"Crescente";"Colisão traseira";2;0;0;0;0;0;0;0;0;0;3;0;0;0;0
"08/09/2025";"18:03:00";"96";"Com vítima";"331,296";"BR-101/RJ";"Crescente";"Queda de moto";0;0;0;1;0;0;0;0;0;0;1;1;0;0;0
"09/09/2025";"21:06:00";"135";"Com vítima";"0,046";"Acesso N ";"Crescente";"Queda de moto";0;0;0;1;0;0;0;0;0;0;0;1;0;0;0
"10/09/2025";"10:01:00";"28";"Sem vítima";"326,440";"BR-101/RJ";"Decrescente";"Choque";1;0;1;0;0;0;0;0;0;0;2;0;0;0;0
"10/09/2025";"22:59:00";"115";"Sem vítima";"322,255";"BR-101/RJ";"Decrescente";"Queda de moto";0;0;0;1;0;0;0;0;0;0;1;0;0;0;0
"11/09/2025";"10:06:00";"34";"Com vítima";"0,347";"Mergulhão";"Decrescente";"Colisão traseira";1;0;0;1;0;0;0;0;0;0;1;1;0;0;0