data;horario;n_da_ocorrencia;tipo_de_ocorrencia;km;trecho;sentido;tipo_de_acidente;automovel;bicicleta;caminhao;moto;onibus;outros;tracao_animal;transporte_de_cargas_especiais;trator_maquinas;utilitarios;ilesos;levemente_feridos;moderadamente_feridos;gravemente_feridos;mortos
"11/09/2025";"14:10:00";"64";"Com vítima";"333,140";"BR-101/RJ";"Crescente";"Queda de moto";1;0;0;0;0;0;0;0;0;0;0;2;0;0;0
"11/09/2025";"16:09:00";"80";"Com vítima";"322,089";"BR-101/RJ";"Crescente";"Colisão lateral no mesmo sentido";1;0;1;0;0;0;0;0;0;0;2;1;0;0;0
"12/09/2025";"12:18:00";"41";"Sem vítima";"2,054";"Acesso R5";"Crescente";"Tombamento";0;0;0;0;0;3;0;0;0;0;3;0;0;0;0
"12/09/2025";"15:00:00";"64";"Com vítima";"0,377";"Acesso N ";"Crescente";"Colisão lateral no mesmo sentido";1;0;0;0;0;1;0;0;0;0;2;1;0;0;0
"13/09/2025";"23:04:00";"92";"Sem vítima";"324,800";"BR-101/RJ";"Crescente";"Colisão traseira";2;0;0;0;0;0;0;0;0;0;6;0;0;0;0
"14/09/2025";"05:34:00";"8";"Com vítima";"330,864";"BR-101/RJ";"Crescente";"Colisão traseira";2;0;0;0;0;0;0;0;0;0;0;2;0;0;0
"14/09/2025";"18:14:00";"72";"Sem vítima";"331,880";"BR-101/RJ";"Decrescente";"Colisão traseira";2;0;0;0;0;0;0;0;0;0;3;0;0;0;0
"14/09/2025";"18:23:00";"73";"Com vítima";"332,232";"BR-101/RJ";"Decrescente";"Engavetamento";2;0;1;0;0;0;0;0;0;0;0;4;0;0;0
"15/09/2025";"06:59:00";"18";"Sem vítima";"324,040";"BR-101/RJ";"Crescente";"Colisão frontal";2;0;0;0;0;1;0;0;0;0;4;0;0;0;0
"15/09/2025";"10:16:00";"43";"Sem vítima";"330,000";"BR-101/RJ";"Crescente";"Engavetamento";3;0;0;0;0;0;0;0;0;0;3;0;0;0;0
"15/09/2025";"19:44:00";"100";"Com vítima";"323,936";"BR-101/RJ";"Decrescente";"Queda de moto";0;0;0;1;0;0;0;0;0;0;0;1;0;0;0
"16/09/2025";"10:55:00";"44";"Sem vítima";"325,136";"BR-101/RJ";"Crescente";"Colisão traseira";2;0;0;0;0;0;0;0;0;0;3;0;0;0;0
"16/09/2025";"11:38:00";"51";"Com vítima";"323,560";"BR-101/RJ";"Crescente";"Colisão traseira";1;0;0;1;0;0;0;0;0;0;1;1;0;0;0
"16/09/2025";"18:14:00";"91";"Com vítima";"322,610";"BR-101/RJ";"Decrescente";"Queda de moto";0;0;0;1;0;0;0;0;0;0;0;2;0;0;0
"17/09/2025";"00:59:00";"3";"Com vítima";"325,600";"BR-101/RJ";"Crescente";"Colisão traseira";1;0;1;0;0;0;0;0;0;0;2;1;0;0;0
"17/09/2025";"12:24:00";"43";"Com vítima";"322,089";"BR-101/RJ";"Decrescente";"Colisão lateral no mesmo sentido";1;0;0;1;0;0;0;0;0;0;1;1;0;0;0
"18/09/2025";"20:47:00";"114";"Com vítima";"329,280";"BR-101/RJ";"Crescente";"Choque";0;0;2;1;0;0;0;0;0;0;2;0;0;0;1
"19/09/2025";"00:40:00";"3";"Com vítima";"332,910";"BR-101/RJ";"Crescente";"Queda de moto";0;0;0;1;0;0;0;0;0;0;0;0;0;1;0
"19/09/2025";"06:10:00";"15";"Com vítima";"325,600";"BR-101/RJ";"Crescente";"Colisão traseira";2;0;0;0;0;0;0;0;0;0;1;2;0;0;0
"20/09/2025";"15:27:00";"84";"Com vítima";"322,089";"BR-101/RJ";"Decrescente";"Colisão lateral no mesmo sentido";1;0;0;1;0;0;0;0;0;0;1;1;0;0;0
"21/09/2025";"04:05:00";"11";"Com vítima";"0,000";"Acesso R ";"Crescente";"Queda de moto";0;0;0;1;0;0;0;0;0;0;0;2;0;0;0
"21/09/2025";"06:49:00";"22";"Sem vítima";"331,200";"BR-101/RJ";"Decrescente";"Colisão traseira";1;0;0;0;0;1;0;0;0;0;2;0;0;0;0
"21/09/2025";"14:27:00";"87";"Com vítima";"325,600";"BR-101/RJ";"Crescente";"Choque";2;0;0;0;0;1;0;0;0;0;2;2;0;0;0
"21/09/2025";"16:50:00";"120";"Sem vítima";"0,081";"Acesso N ";"Crescente";"Colisão lateral no mesmo sentido";0;0;0;1;0;1;0;0;0;0;3;0;0;0;0
"22/09/2025";"09:18:00";"42";"Sem vítima";"331,200";"BR-101/RJ";"Decrescente";"Colisão traseira";1;0;1;0;0;0;0;0;0;0;3;0;0;0;0
"22/09/2025";"13:13:00";"72";"Sem vítima";"322,255";"BR-101/RJ";"Decrescente";"Colisão lateral no mesmo sentido";1;0;0;1;0;0;0;0;0;0;4;0;0;0;0
"23/09/2025";"10:43:00";"40";"Sem vítima";"326,440";"BR-101/RJ";"Crescente";"Colisão traseira";2;0;0;0;0;0;0;0;0;0;4;0;0;0;0
"23/09/2025";"16:52:00";"76";"Com vítima";"333,396";"BR-101/RJ";"Crescente";"Colisão traseira";0;0;0;1;0;0;0;0;0;1;2;0;0;1;0
"23/09/2025";"20:50:00";"105";"Com vítima";"323,560";"BR-101/RJ";"Decrescente";"Colisão lateral no mesmo sentido";2;0;0;0;0;0;0;0;0;0;2;1;0;0;0
"24/09/2025";"06:25:00";"9";"Com vítima";"324,300";"BR-101/RJ";"Crescente";"Colisão lateral no mesmo sentido";1;0;0;1;0;0;0;0;0;0;2;1;0;0;0
"24/09/2025";"13:56:00";"48";"Sem vítima";"0,000";"Acesso R5";"Crescente";"Tombamento";0;0;1;0;0;0;0;0;0;0;1;0;0;0;0
"24/09/2025";"17:58:00";"69";"Com vítima";"0,000";"Acesso N ";"Crescente";"Colisão lateral no mesmo sentido";1;0;0;1;0;2;0;0;0;0;4;2;0;0;0
"25/09/2025";"17:05:00";"71";"Com vítima";"328,560";"BR-101/RJ";"Decrescente";"Engavetamento";2;0;0;0;0;1;0;0;0;0;3;1;0;0;0
"25/09/2025";"17:29:00";"75";"Sem vítima";"333,460";"BR-101/RJ";"Crescente";"Colisão lateral no mesmo sentido";2;0;0;0;0;0;0;0;0;0;2;0;0;0;0
"25/09/2025";"18:44:00";"81";"Com vítima";"329,616";"BR-101/RJ";"Crescente";"Queda de moto";0;0;0;1;0;0;0;0;0;0;1;1;0;0;0
"27/09/2025";"14:28:00";"72";"Com vítima";"0,337";"Acesso N ";"Crescente";"Atropelamento de pedestre";0;0;0;0;1;0;0;0;0;0;0;1;0;1;0
"27/09/2025";"16:24:00";"83";"Com vítima";"324,400";"BR-101/RJ";"Decrescente";"Choque";1;0;0;1;0;0;0;0;0;0;4;0;0;1;0
"29/09/2025";"20:33:00";"97";"Com vítima";"0,000";"Acesso N ";"Crescente";"Colisão lateral no mesmo sentido";1;0;0;1;0;0;0;0;0;0;1;1;0;0;0
"29/09/2025";"21:44:00";"104";"Com vítima";"0,347";"Mergulhão";"Decrescente";"Colisão lateral no mesmo sentido";1;0;0;0;0;0;0;0;0;1;2;1;0;0;0
"30/09/2025";"08:46:00";"27";"Com vítima";"333,002";"BR-101/RJ";"Crescente";"Colisão traseira";1;0;0;1;0;0;0;0;0;0;2;1;0;0;0
"01/10/2025";"10:47:00";"41";"Sem vítima";"322,255";"BR-101/RJ";"Crescente";"Engavetamento";1;0;1;0;0;1;0;0;0;0;5;0;0;0;0
"01/10/2025";"17:02:00";"82";"Com vítima";"326,440";"BR-101/RJ";"Decrescente";"Colisão traseira";0;0;0;1;0;1;0;0;0;0;1;1;0;0;0
"01/10/2025";"22:11:00";"106";"Sem vítima";"323,016";"BR-101/RJ";"Decrescente";"Colisão traseira";2;0;0;0;0;0;0;0;0;0;4;0;0;0;0
"02/10/2025";"13:03:00";"62";"Com vítima";"326,440";"BR-101/RJ";"Crescente";"Choque";1;0;0;0;1;0;0;0;0;0;1;0;1;0;0
"03/10/2025";"08:36:00";"19";"Com vítima";"322,255";"BR-101/RJ";"Decrescente";"Colisão lateral no mesmo sentido";1;0;0;0;0;0;0;0;0;0;0;1;0;0;0
"03/10/2025";"10:40:00";"25";"Com vítima";"0,347";"Mergulhão";"Decrescente";"Colisão lateral no mesmo sentido";1;0;0;1;0;0;0;0;0;0;1;2;0;0;0
"03/10/2025";"10:41:00";"26";"Com vítima";"329,520";"BR-101/RJ";"Decrescente";"Choque";1;0;0;1;0;0;0;0;0;0;3;1;0;0;0
"03/10/2025";"11:02:00";"27";"Sem vítima";"329,520";"BR-101/RJ";"Decrescente";"Queda de moto";1;0;0;0;0;1;0;0;0;0;3;0;0;0;0
"04/10/2025";"06:03:00";"16";"Sem vítima";"331,440";"BR-101/RJ";"Decrescente";"Colisão lateral no mesmo sentido";1;0;1;0;0;0;0;0;0;0;4;0;0;0;0
"05/10/2025";"10:00:00";"31";"Sem vítima";"329,040";"BR-101/RJ";"Decrescente";"Choque";1;0;1;0;0;0;0;0;0;0;4;0;0;0;0
"05/10/2025";"10:22:00";"34";"Sem vítima";"330,000";"BR-101/RJ";"Decrescente";"Engavetamento";4;0;0;0;0;0;0;0;0;0;11;0;0;0;0
"06/10/2025";"12:59:00";"71";"Sem vítima";"330,960";"BR-101/RJ";"Crescente";"Colisão traseira";1;0;0;0;0;0;0;0;0;1;2;0;0;0;0
"06/10/2025";"16:05:00";"93";"Sem vítima";"328,320";"BR-101/RJ";"Decrescente";"Colisão traseira";1;0;0;1;0;0;0;0;0;0;3;0;0;0;0
"07/10/2025";"05:47:00";"14";"Com vítima";"327,840";"BR-101/RJ";"Decrescente";"Colisão lateral no mesmo sentido";1;0;0;1;0;1;0;0;0;0;2;1;0;0;0
"07/10/2025";"11:28:00";"54";"Com vítima";"334,386";"Acesso R ";"Crescente";"Queda de moto";0;0;0;1;0;0;0;0;0;0;0;2;0;0;0
"08/10/2025";"04:47:00";"9";"Com vítima";"326,104";"BR-101/RJ";"Decrescente";"Colisão traseira";2;0;0;0;0;0;0;0;0;0;1;1;1;0;0
"08/10/2025";"06:03:00";"14";"Sem vítima";"325,434";"BR-101/RJ";"Crescente";"Colisão traseira";0;0;0;1;0;1;0;0;0;0;4;0;0;0;0
"08/10/2025";"06:49:00";"20";"Sem vítima";"322,610";"BR-101/RJ";"Decrescente";"Colisão traseira";0;0;0;1;0;0;0;0;0;1;3;0;0;0;0
"08/10/2025";"07:06:00";"21";"Com vítima";"322,610";"BR-101/RJ";"Decrescente";"Queda de moto";0;0;0;1;0;0;0;0;0;0;0;1;0;0;0
"08/10/2025";"08:36:00";"32";"Com vítima";"326,440";"BR-101/RJ";"Crescente";"Colisão lateral no mesmo sentido";1;0;0;1;0;0;0;0;0;0;1;2;0;0;0
"09/10/2025";"06:43:00";"15";"Sem vítima";"329,904";"BR-101/RJ";"Crescente";"Colisão traseira";1;0;0;1;0;0;0;0;0;0;2;0;0;0;0
"09/10/2025";"18:31:00";"83";"Sem vítima";"333,620";"BR-101/RJ";"Decrescente";"Colisão traseira";3;0;0;0;0;0;0;0;0;0;3;0;0;0;0
"10/10/2025";"15:59:00";"73";"Com vítima";"330,336";"BR-101/RJ";"Crescente";"Choque";1;0;0;1;0;0;0;0;0;1;4;1;0;0;1
"11/10/2025";"20:35:00";"102";"Com vítima";"331,104";"BR-101/RJ";"Crescente";"Colisão lateral no mesmo sentido";1;0;0;0;0;0;0;0;0;1;1;1;0;0;0
"13/10/2025";"08:15:00";"31";"Com vítima";"329,760";"BR-101/RJ";"Crescente";"Colisão lateral no mesmo sentido";1;0;0;1;0;0;0;0;0;0;4;1;0;0;0
"13/10/2025";"10:07:00";"47";"Sem vítima";"323,340";"BR-101/RJ";"Crescente";"Colisão traseira";2;0;0;0;0;0;0;0;0;0;5;0;0;0;0
"14/10/2025";"01:59:00";"10";"Sem vítima";"329,280";"BR-101/RJ";"Crescente";"Colisão traseira";2;0;0;0;0;0;0;0;0;0;3;0;0;0;0
"15/10/2025";"12:08:00";"43";"Com vítima";"324,040";"BR-101/RJ";"Crescente";"Queda de moto";0;0;0;1;0;0;0;0;0;0;0;2;0;0;0
"16/10/2025";"07:10:00";"12";"Sem vítima";"329,184";"BR-101/RJ";"Crescente";"Colisão frontal";2;0;0;0;0;0;0;0;0;0;4;0;0;0;0
"17/10/2025";"08:21:00";"44";"Com vítima";"324,400";"BR-101/RJ";"Crescente";"Queda de moto";0;0;0;1;0;0;0;0;0;0;0;2;0;0;0
"18/10/2025";"00:42:00";"4";"Com vítima";"0,000";"Acesso N ";"Decrescente";"Queda de moto";1;0;0;0;0;0;0;0;0;0;1;1;0;0;0
"18/10/2025";"07:07:00";"33";"Sem vítima";"333,460";"BR-101/RJ";"Decrescente";"Colisão lateral no mesmo sentido";1;0;1;0;0;0;0;0;0;0;4;0;0;0;0
"18/10/2025";"07:09:00";"34";"Sem vítima";"333,460";"BR-101/RJ";"Decrescente";"Colisão traseira";1;0;1;0;0;0;0;0;0;0;4;0;0;0;0
"18/10/2025";"19:32:00";"136";"Com vítima";"328,272";"BR-101/RJ";"Crescente";"Colisão lateral no mesmo sentido";1;0;1;0;0;0;0;0;0;0;5;1;0;0;0
"19/10/2025";"16:50:00";"63";"Com vítima";"330,480";"BR-101/RJ";"Decrescente";"Choque";1;0;0;1;0;0;0;0;0;0;2;0;0;0;1
"20/10/2025";"17:40:00";"99";"Com vítima";"330,144";"BR-101/RJ";"Decrescente";"Colisão frontal";1;0;0;1;0;0;0;0;0;0;1;0;2;0;0
"21/10/2025";"11:18:00";"43";"Sem vítima";"326,440";"BR-101/RJ";"Decrescente";"Colisão traseira";1;0;0;1;0;0;0;0;0;0;2;0;0;0;0
"21/10/2025";"12:10:00";"50";"Com vítima";"2,056";"Acesso R3";"Crescente";"Colisão traseira";1;0;0;1;0;0;0;0;0;0;2;0;1;0;0
"21/10/2025";"14:16:00";"64";"Com vítima";"0,308";"Acesso N ";"Crescente";"Colisão traseira";1;0;0;1;0;0;0;0;0;0;3;1;0;0;0
"22/10/2025";"09:31:00";"37";"Com vítima";"331,296";"BR-101/RJ";"Decrescente";"Choque";0;0;1;1;0;0;0;0;0;0;3;1;0;0;0
"22/10/2025";"10:22:00";"42";"Sem vítima";"332,956";"BR-101/RJ";"Crescente";"Colisão lateral no mesmo sentido";1;0;0;0;0;1;0;0;0;0;2;0;0;0;0
"23/10/2025";"03:43:00";"11";"Sem vítima";"322,255";"BR-101/RJ";"Decrescente";"Colisão lateral no mesmo sentido";1;0;1;0;0;0;0;0;0;0;2;0;0;0;0
"23/10/2025";"19:55:00";"104";"Com vítima";"322,089";"BR-101/RJ";"Decrescente";"Colisão lateral no mesmo sentido";1;0;0;1;0;0;0;0;0;0;2;1;0;0;0
"23/10/2025";"23:19:00";"118";"Com vítima";"330,096";"BR-101/RJ";"Crescente";"Queda de moto";0;0;0;1;0;0;0;0;0;0;0;1;0;0;0
"24/10/2025";"11:21:00";"49";"Sem vítima";"324,992";"BR-101/RJ";"Crescente";"Colisão frontal";1;0;1;0;0;0;0;0;0;0;3;0;0;0;0
"24/10/2025";"12:12:00";"58";"Sem vítima";"327,440";"BR-101/RJ";"Decrescente";"Colisão traseira";0;0;0;1;0;1;0;0;0;0;2;0;0;0;0
"25/10/2025";"12:27:00";"54";"Com vítima";"329,280";"BR-101/RJ";"Crescente";"Choque";1;0;0;0;0;0;0;0;0;1;3;3;0;0;0
"25/10/2025";"14:18:00";"71";"Sem vítima";"327,440";"BR-101/RJ";"Crescente";"Colisão lateral no mesmo sentido";0;0;0;1;0;1;0;0;0;0;3;0;0;0;0
"25/10/2025";"14:43:00";"73";"Com vítima";"331,056";"BR-101/RJ";"Decrescente";"Colisão traseira";2;0;0;0;0;0;0;0;0;0;2;1;0;0;0
"26/10/2025";"07:56:00";"20";"Com vítima";"325,434";"BR-101/RJ";"Crescente";"Colisão traseira";1;0;0;1;0;0;0;0;0;0;1;2;0;0;0
"26/10/2025";"17:50:00";"96";"Com vítima";"326,272";"BR-101/RJ";"Crescente";"Choque";1;0;0;0;0;0;0;0;0;0;0;2;1;0;0
"27/10/2025";"08:03:00";"31";"Com vítima";"329,520";"BR-101/RJ";"Crescente";"Queda de moto";1;0;0;1;0;0;0;0;0;0;2;1;0;0;0
"27/10/2025";"14:17:00";"74";"Sem vítima";"326,272";"BR-101/RJ";"Decrescente";"Engavetamento";3;0;0;0;0;1;0;0;0;0;4;0;0;0;0
"27/10/2025";"18:32:00";"105";"Com vítima";"322,610";"BR-101/RJ";"Decrescente";"Choque";1;0;0;0;0;0;0;0;0;0;0;1;0;0;0
"27/10/2025";"18:32:00";"106";"Com vítima";"0,000";"Acesso N ";"Decrescente";"Queda de moto";0;0;0;1;0;0;0;0;0;0;0;1;0;0;0
"28/10/2025";"16:37:00";"64";"Com vítima";"0,377";"Acesso N ";"Crescente";"Atropelamento de ciclista";0;1;0;0;0;1;0;0;0;0;1;0;0;0;0
"29/10/2025";"12:03:00";"53";"Com vítima";"0,337";"Acesso N ";"Crescente";"Atropelamento de pedestre";0;0;0;1;0;0;0;0;0;0;0;1;1;0;0
"30/10/2025";"13:40:00";"59";"Com vítima";"325,344";"BR-101/RJ";"Crescente";"Colisão traseira";2;0;0;1;0;0;0;0;0;0;3;1;0;0;0
"30/10/2025";"14:10:00";"62";"Com vítima";"326,440";"BR-101/RJ";"Decrescente";"Queda de moto";0;0;0;1;0;0;0;0;0;0;0;1;0;0;0
"31/10/2025";"13:13:00";"46";"Sem vítima";"322,610";"BR-101/RJ";"Decrescente";"Queda de moto";0;0;0;1;0;0;0;0;0;0;1;0;0;0;0
"31/10/2025";"23:38:00";"109";"Sem vítima";"327,280";"BR-101/RJ";"Crescente";"Colisão traseira";1;0;0;0;0;1;0;0;0;0;2;0;0;0;0
"01/11/2025";"18:55:00";"84";"Sem vítima";"330,816";"BR-101/RJ";"Crescente";"Colisão traseira";2;0;0;0;0;0;0;0;0;0;3;0;0;0;0
"02/11/2025";"01:10:00";"5";"Sem vítima";"327,840";"BR-101/RJ";"Decrescente";"Colisão lateral no mesmo sentido";1;0;1;0;0;0;0;0;0;1;3;0;0;0;0
"03/11/2025";"09:40:00";"29";"Com vítima";"0,347";"Mergulhão";"Decrescente";"Choque";1;0;0;1;0;0;0;0;0;0;1;1;0;0;0
"03/11/2025";"13:41:00";"71";"Sem vítima";"323,780";"BR-101/RJ";"Decrescente";"Engavetamento";3;0;1;0;0;0;0;0;0;0;7;0;0;0;0
"04/11/2025";"17:02:00";"95";"Com vítima";"330,960";"BR-101/RJ";"Crescente";"Engavetamento";2;0;1;0;0;0;0;0;0;0;3;1;0;0;0
"04/11/2025";"23:11:00";"131";"Com vítima";"326,776";"BR-101/RJ";"Crescente";"Choque";1;0;0;0;0;0;0;0;0;0;0;1;0;0;0
"05/11/2025";"08:12:00";"26";"Com vítima";"0,669";"Acesso R ";"Crescente";"Colisão traseira";1;0;0;1;0;0;0;0;0;0;1;1;0;0;0
"05/11/2025";"12:30:00";"44";"Com vítima";"331,660";"BR-101/RJ";"Decrescente";"Colisão traseira";0;0;0;1;0;1;0;0;0;0;0;0;0;1;0
"05/11/2025";"13:30:00";"49";"Com vítima";"332,680";"BR-101/RJ";"Decrescente";"Queda de moto";0;0;0;1;0;0;0;0;0;0;0;1;0;0;0
"05/11/2025";"14:54:00";"60";"Com vítima";"332,320";"BR-101/RJ";"Decrescente";"Queda de moto";0;0;0;1;0;0;0;0;0;0;0;1;0;0;0
"07/11/2025";"00:39:00";"3";"Com vítima";"323,988";"BR-101/RJ";"Decrescente";"Queda de moto";0;0;0;1;0;0;0;0;0;0;0;2;0;0;0
"07/11/2025";"10:14:00";"29";"Com vítima";"0,726";"Acesso N ";"Decrescente";"Queda de moto";0;0;0;1;0;0;0;0;0;0;0;1;0;0;0
"07/11/2025";"15:56:00";"65";"Com vítima";"326,104";"BR-101/RJ";"Decrescente";"Colisão lateral no mesmo sentido";0;0;0;1;0;1;0;0;0;0;1;1;0;0;0
"07/11/2025";"22:38:00";"111";"Sem vítima";"0,347";"Mergulhão";"Decrescente";"Colisão lateral no mesmo sentido";1;0;0;0;1;0;0;0;0;0;2;0;0;0;0
"08/11/2025";"02:54:00";"2";"Com vítima";"334,386";"Acesso R ";"Crescente";"Choque";1;0;0;0;0;0;0;0;0;0;0;0;0;1;0
"08/11/2025";"03:15:00";"4";"Sem vítima";"327,840";"BR-101/RJ";"Decrescente";"Choque";1;0;0;0;0;0;0;0;0;0;1;0;0;0;0
"08/11/2025";"08:19:00";"24";"Sem vítima";"334,386";"Acesso R ";"Crescente";"Choque";1;0;0;0;0;0;0;0;0;0;1;0;0;0;0
"08/11/2025";"16:39:00";"75";"Sem vítima";"2,056";"Acesso R3";"Crescente";"Colisão traseira";2;0;0;0;0;0;0;0;0;0;7;0;0;0;0
"09/11/2025";"04:52:00";"15";"Com vítima";"0,046";"Acesso N ";"Crescente";"Queda de moto";0;0;0;1;0;0;0;0;0;0;0;1;0;0;0
"11/11/2025";"19:12:00";"84";"Sem vítima";"322,089";"BR-101/RJ";"Decrescente";"Colisão lateral no mesmo sentido";1;0;1;0;0;0;0;0;0;0;2;0;0;0;0
"11/11/2025";"21:32:00";"94";"Com vítima";"331,248";"BR-101/RJ";"Crescente";"Colisão traseira";1;0;0;1;0;0;0;0;0;0;2;0;1;0;0
"12/11/2025";"04:41:00";"15";"Com vítima";"326,608";"BR-101/RJ";"Decrescente";"Colisão traseira";2;0;0;0;0;0;0;0;0;0;0;2;0;0;0
"12/11/2025";"17:05:00";"93";"Com vítima";"330,480";"BR-101/RJ";"Decrescente";"Colisão traseira";2;0;0;1;0;0;0;0;0;0;4;1;0;1;0
"12/11/2025";"17:37:00";"97";"Sem vítima";"330,480";"BR-101/RJ";"Decrescente";"Engavetamento";2;0;0;0;0;0;0;0;0;1;9;0;0;0;0
"13/11/2025";"11:40:00";"44";"Com vítima";"326,440";"BR-101/RJ";"Decrescente";"Queda de moto";0;0;0;1;0;0;0;0;0;0;1;1;0;0;0
"13/11/2025";"18:11:00";"96";"Sem vítima";"322,572";"BR-101/RJ";"Decrescente";"Engavetamento";3;0;0;0;0;0;0;0;0;0;5;0;0;0;0
"13/11/2025";"19:03:00";"102";"Com vítima";"322,255";"BR-101/RJ";"Crescente";"Colisão lateral no mesmo sentido";1;0;0;1;0;0;0;0;0;0;2;2;0;0;0
"16/11/2025";"12:45:00";"42";"Sem vítima";"322,255";"BR-101/RJ";"Crescente";"Colisão lateral no mesmo sentido";1;0;1;0;0;0;0;0;0;0;3;0;0;0;0
"16/11/2025";"22:04:00";"87";"Com vítima";"0,000";"Acesso R ";"Crescente";"Choque";1;0;0;0;0;0;0;0;0;0;0;2;1;0;0
"18/11/2025";"08:52:00";"24";"Sem vítima";"327,440";"BR-101/RJ";"Crescente";"Colisão traseira";1;0;0;1;0;0;0;0;0;0;3;0;0;0;0
"18/11/2025";"11:24:00";"41";"Sem vítima";"325,040";"BR-101/RJ";"Decrescente";"Colisão traseira";1;0;0;1;0;0;0;0;0;0;4;0;0;0;0
"18/11/2025";"15:18:00";"76";"Sem vítima";"333,524";"BR-101/RJ";"Decrescente";"Engavetamento";2;0;0;0;0;0;0;0;0;1;5;0;0;0;0
"19/11/2025";"06:09:00";"13";"Sem vítima";"323,780";"BR-101/RJ";"Crescente";"Engavetamento";4;0;0;0;0;0;0;0;0;0;8;0;0;0;0
"19/11/2025";"23:02:00";"144";"Sem vítima";"322,089";"BR-101/RJ";"Decrescente";"Colisão traseira";2;0;0;0;0;0;0;0;0;0;3;0;0;0;0
"21/11/2025";"18:07:00";"96";"Sem vítima";"325,088";"BR-101/RJ";"Decrescente";"Colisão lateral no mesmo sentido";1;0;0;1;0;0;0;0;0;0;2;0;0;0;0
"22/11/2025";"06:22:00";"19";"Sem vítima";"323,604";"BR-101/RJ";"Decrescente";"Colisão traseira";2;0;0;0;0;0;0;0;0;0;8;0;0;0;0
"23/11/2025";"15:25:00";"69";"Com vítima";"0,081";"Acesso N ";"Crescente";"Queda de moto";1;0;0;1;0;0;0;0;0;0;2;1;0;0;0
"25/11/2025";"06:15:00";"14";"Com vítima";"332,910";"BR-101/RJ";"Decrescente";"Queda de moto";1;0;0;0;0;0;0;0;0;0;0;1;0;0;0
"25/11/2025";"06:56:00";"17";"Com vítima";"332,500";"BR-101/RJ";"Crescente";"Queda de moto";1;0;0;0;0;0;0;0;0;0;0;1;0;0;0
"26/11/2025";"04:50:00";"5";"Com vítima";"322,496";"BR-101/RJ";"Decrescente";"Queda de moto";0;0;0;1;0;0;0;0;0;0;0;1;0;0;0
"26/11/2025";"08:32:00";"32";"Com vítima";"322,255";"BR-101/RJ";"Crescente";"Colisão lateral no mesmo sentido";1;0;0;1;0;0;0;0;0;0;1;1;0;0;0
"26/11/2025";"10:07:00";"45";"Com vítima";"326,272";"BR-101/RJ";"Crescente";"Colisão lateral no mesmo sentido";1;0;0;1;0;0;0;0;0;0;2;2;0;0;0
"26/11/2025";"11:51:00";"61";"Com vítima";"0,046";"Acesso N ";"Crescente";"Queda de moto";0;0;0;1;0;0;0;0;0;0;1;1;0;0;0
"27/11/2025";"11:17:00";"47";"Com vítima";"325,040";"BR-101/RJ";"Crescente";"Colisão traseira";2;0;0;0;0;0;0;0;0;0;1;2;0;0;0
"28/11/2025";"06:06:00";"21";"Com vítima";"324,550";"BR-101/RJ";"Crescente";"Colisão traseira";2;0;0;1;0;0;0;0;0;0;7;1;0;0;0
"28/11/2025";"09:54:00";"46";"Com vítima";"325,434";"BR-101/RJ";"Crescente";"Engavetamento";3;0;0;0;0;0;0;0;0;0;5;1;0;0;0
"28/11/2025";"15:01:00";"96";"Com vítima";"325,136";"BR-101/RJ";"Crescente";"Choque";1;0;1;0;0;0;0;0;0;0;1;1;0;0;0
"30/11/2025";"10:28:00";"38";"Com vítima";"331,200";"BR-101/RJ";"Decrescente";"Queda de moto";1;0;0;0;0;0;0;0;0;0;0;1;0;0;0
"30/11/2025";"13:32:00";"54";"Sem vítima";"0,299";"Acesso N ";"Crescente";"Colisão frontal";2;0;0;0;0;0;0;0;0;0;3;0;0;0;0
"02/12/2025";"20:22:00";"113";"Com vítima";"322,089";"BR-101/RJ";"Decrescente";"Queda de moto";1;0;0;1;0;0;0;0;0;0;1;1;0;0;0
"05/12/2025";"11:18:00";"47";"Com vítima";"328,800";"BR-101/RJ";"Crescente";"Colisão traseira";0;0;0;1;0;0;0;0;0;1;1;1;0;0;0
"05/12/2025";"19:41:00";"101";"Sem vítima";"332,864";"BR-101/RJ";"Decrescente";"Colisão lateral no mesmo sentido";2;0;0;0;0;0;0;0;0;0;3;0;0;0;0
"05/12/2025";"22:45:00";"118";"Com vítima";"324,040";"BR-101/RJ";"Decrescente";"Colisão traseira";1;0;0;1;0;0;0;0;0;0;1;1;0;0;0