data;horario;n_da_ocorrencia;tipo_de_ocorrencia;km;trecho;sentido;tipo_de_acidente;automovel;bicicleta;caminhao;moto;onibus;outros;tracao_animal;transporte_de_cargas_especiais;trator_maquinas;utilitarios;ilesos;levemente_feridos;moderadamente_feridos;gravemente_feridos;mortos
"05/12/2025";"22:47:00";"119";"Com vítima";"328,800";"BR-101/RJ";"Decrescente";"Colisão traseira";1;0;0;1;0;0;0;0;0;0;2;0;0;1;0
"06/12/2025";"06:33:00";"16";"Sem vítima";"322,255";"BR-101/RJ";"Decrescente";"Engavetamento";3;0;0;0;0;0;0;0;0;0;6;0;0;0;0
"06/12/2025";"08:03:00";"20";"Com vítima";"329,040";"BR-101/RJ";"Crescente";"Engavetamento";3;0;0;0;0;0;0;0;0;0;4;1;0;0;0
"07/12/2025";"12:17:00";"43";"Com vítima";"322,610";"BR-101/RJ";"Crescente";"Choque";1;0;0;0;0;0;0;0;0;0;0;1;0;0;0
"08/12/2025";"08:18:00";"28";"Com vítima";"322,255";"BR-101/RJ";"Crescente";"Colisão lateral no mesmo sentido";2;0;0;0;0;0;0;0;0;0;0;2;0;0;0
"08/12/2025";"12:35:00";"57";"Com vítima";"331,660";"BR-101/RJ";"Decrescente";"Queda de moto";1;0;0;0;0;0;0;0;0;0;0;2;0;0;0
"09/12/2025";"11:04:00";"70";"Sem vítima";"324,300";"BR-101/RJ";"Crescente";"Colisão traseira";2;0;0;0;0;0;0;0;0;0;3;0;0;0;0
"09/12/2025";"11:10:00";"71";"Sem vítima";"325,936";"BR-101/RJ";"Crescente";"Colisão lateral no mesmo sentido";2;0;0;0;0;0;0;0;0;0;6;0;0;0;0
"09/12/2025";"15:31:00";"104";"Com vítima";"322,800";"BR-101/RJ";"Crescente";"Queda de moto";0;0;0;1;0;0;0;0;0;0;1;1;0;0;0
"10/12/2025";"06:54:00";"21";"Com vítima";"322,067";"Acesso N ";"Crescente";"Colisão lateral no mesmo sentido";1;0;0;1;0;0;0;0;0;0;1;1;0;0;0
"10/12/2025";"19:06:00";"129";"Sem vítima";"330,528";"BR-101/RJ";"Decrescente";"Colisão lateral no mesmo sentido";0;0;0;1;1;0;0;0;0;0;2;0;0;0;0
"11/12/2025";"12:06:00";"70";"Com vítima";"322,610";"BR-101/RJ";"Crescente";"Colisão lateral no mesmo sentido";0;0;0;1;0;1;0;0;0;0;1;1;0;0;0
"12/12/2025";"09:47:00";"40";"Com vítima";"322,420";"BR-101/RJ";"Decrescente";"Colisão traseira";1;0;0;1;0;0;0;0;0;0;1;1;0;0;0
"12/12/2025";"11:35:00";"52";"Com vítima";"328,080";"BR-101/RJ";"Decrescente";"Colisão lateral no mesmo sentido";0;0;0;2;0;0;0;0;0;0;0;4;0;0;0
"12/12/2025";"18:21:00";"96";"Com vítima";"324,800";"BR-101/RJ";"Crescente";"Choque";1;0;0;1;0;0;0;0;0;0;2;1;0;0;0
"13/12/2025";"12:59:00";"69";"Sem vítima";"0,042";"Acesso N ";"Crescente";"Colisão lateral no mesmo sentido";1;0;0;1;0;0;0;0;0;0;2;0;0;0;0
"13/12/2025";"16:40:00";"96";"Sem vítima";"329,760";"BR-101/RJ";"Crescente";"Colisão traseira";2;0;0;0;0;0;0;0;0;0;4;0;0;0;0
"14/12/2025";"15:45:00";"58";"Com vítima";"328,320";"BR-101/RJ";"Decrescente";"Colisão traseira";0;0;0;1;0;0;0;0;0;1;1;0;0;0;1
"14/12/2025";"17:11:00";"67";"Com vítima";"332,680";"BR-101/RJ";"Crescente";"Colisão lateral no mesmo sentido";0;0;0;1;0;1;0;0;0;0;1;2;0;0;0
"14/12/2025";"18:56:00";"88";"Com vítima";"0,000";"Acesso R3";"Crescente";"Choque";2;0;0;0;0;0;0;0;0;0;5;1;0;0;0
"14/12/2025";"22:24:00";"122";"Com vítima";"331,056";"BR-101/RJ";"Decrescente";"Colisão lateral no mesmo sentido";1;0;0;1;0;0;0;0;0;0;1;1;0;1;0
"15/12/2025";"12:27:00";"77";"Sem vítima";"332,680";"BR-101/RJ";"Decrescente";"Engavetamento";3;0;0;0;0;0;0;0;0;0;5;0;0;0;0
"15/12/2025";"13:39:00";"96";"Com vítima";"325,600";"BR-101/RJ";"Crescente";"Queda de moto";0;0;0;1;0;1;0;0;0;0;1;1;0;0;0
"15/12/2025";"17:42:00";"136";"Com vítima";"326,776";"BR-101/RJ";"Crescente";"Colisão traseira";0;0;0;1;1;0;0;0;0;0;1;1;0;0;0
"16/12/2025";"00:27:00";"2";"Sem vítima";"322,255";"BR-101/RJ";"Crescente";"Colisão lateral no mesmo sentido";2;0;0;0;0;0;0;0;0;0;5;0;0;0;0
"16/12/2025";"13:40:00";"63";"Sem vítima";"326,272";"BR-101/RJ";"Crescente";"Engavetamento";1;0;0;0;0;2;0;0;0;0;3;0;0;0;0
"16/12/2025";"18:39:00";"113";"Com vítima";"2,544";"Acesso R5";"Crescente";"Colisão lateral em sentido contrário";0;0;2;0;0;0;0;0;0;0;1;1;0;0;0
"16/12/2025";"20:11:00";"121";"Sem vítima";"322,610";"BR-101/RJ";"Decrescente";"Colisão lateral no mesmo sentido";1;0;0;1;0;0;0;0;0;0;8;0;0;0;0
"18/12/2025";"07:22:00";"22";"Com vítima";"332,910";"BR-101/RJ";"Decrescente";"Queda de moto";0;0;0;1;0;0;0;0;0;0;0;0;1;0;0
"18/12/2025";"08:29:00";"30";"Sem vítima";"322,255";"BR-101/RJ";"Crescente";"Colisão traseira";0;0;0;2;0;0;0;0;0;0;2;0;0;0;0
"19/12/2025";"07:57:00";"34";"Com vítima";"0,703";"Acesso N ";"Crescente";"Colisão frontal";0;0;0;1;0;0;0;0;0;0;1;1;0;0;0
"19/12/2025";"14:56:00";"82";"Com vítima";"328,800";"BR-101/RJ";"Decrescente";"Colisão lateral no mesmo sentido";1;0;0;1;0;0;0;0;0;0;1;0;1;0;0
"19/12/2025";"20:25:00";"135";"Com vítima";"0,967";"Acesso N ";"Crescente";"Colisão lateral no mesmo sentido";2;0;0;1;0;0;0;0;0;0;2;1;0;0;0
"19/12/2025";"22:50:00";"152";"Com vítima";"0,042";"Acesso N ";"Crescente";"Queda de moto";0;0;0;1;0;0;0;0;0;0;0;1;1;0;0
"20/12/2025";"17:33:00";"85";"Com vítima";"326,944";"BR-101/RJ";"Decrescente";"Colisão traseira";0;0;0;1;0;1;0;0;0;1;2;1;0;0;0
"20/12/2025";"22:54:00";"117";"Com vítima";"330,000";"BR-101/RJ";"Crescente";"Choque";2;0;0;0;0;0;0;0;0;0;1;1;0;0;0
"21/12/2025";"16:42:00";"88";"Sem vítima";"330,096";"BR-101/RJ";"Decrescente";"Choque";1;0;0;0;0;0;0;0;0;1;5;0;0;0;0
"21/12/2025";"17:49:00";"95";"Sem vítima";"333,460";"BR-101/RJ";"Decrescente";"Colisão lateral no mesmo sentido";1;0;0;0;0;0;0;0;0;1;5;0;0;0;0
"21/12/2025";"21:32:00";"128";"Com vítima";"331,660";"BR-101/RJ";"Crescente";"Colisão traseira";0;0;1;1;0;0;0;0;0;0;1;1;0;0;0
"22/12/2025";"14:56:00";"63";"Sem vítima";"325,280";"BR-101/RJ";"Decrescente";"Colisão traseira";2;0;0;0;0;0;0;0;0;0;4;0;0;0;0
"23/12/2025";"08:20:00";"36";"Sem vítima";"325,040";"BR-101/RJ";"Crescente";"Colisão traseira";1;0;0;1;0;0;0;0;0;0;3;0;0;0;0
"24/12/2025";"09:00:00";"35";"Sem vítima";"324,040";"BR-101/RJ";"Decrescente";"Colisão traseira";0;0;0;3;0;0;0;0;0;0;3;0;0;0;0
"24/12/2025";"09:44:00";"38";"Com vítima";"326,608";"BR-101/RJ";"Decrescente";"Colisão lateral no mesmo sentido";0;0;0;1;0;2;0;0;0;0;2;1;0;0;0
"24/12/2025";"13:50:00";"72";"Com vítima";"333,460";"BR-101/RJ";"Crescente";"Atropelamento de pedestre";1;0;0;0;0;1;0;0;0;0;1;0;0;1;0
"25/12/2025";"11:14:00";"39";"Sem vítima";"328,800";"BR-101/RJ";"Decrescente";"Queda de moto";0;0;0;1;0;0;0;0;0;0;1;0;0;0;0
"26/12/2025";"06:45:00";"13";"Sem vítima";"322,610";"BR-101/RJ";"Decrescente";"Colisão traseira";2;0;0;0;0;0;0;0;0;0;5;0;0;0;0
"27/12/2025";"07:47:00";"37";"Com vítima";"322,089";"BR-101/RJ";"Decrescente";"Colisão lateral no mesmo sentido";1;0;0;1;0;0;0;0;0;0;1;1;0;0;0
"28/12/2025";"08:17:00";"36";"Sem vítima";"326,440";"BR-101/RJ";"Crescente";"Colisão traseira";3;0;0;0;0;0;0;0;0;0;5;0;0;0;0
"28/12/2025";"12:53:00";"64";"Sem vítima";"332,910";"BR-101/RJ";"Decrescente";"Engavetamento";3;0;0;0;0;0;0;0;0;0;7;0;0;0;0
"29/12/2025";"09:04:00";"45";"Com vítima";"329,040";"BR-101/RJ";"Decrescente";"Colisão lateral no mesmo sentido";1;0;0;1;0;0;0;0;0;0;1;2;0;0;0
"29/12/2025";"15:00:00";"109";"Com vítima";"330,960";"BR-101/RJ";"Decrescente";"Choque";1;0;0;1;0;0;0;0;0;0;1;1;0;0;0
"29/12/2025";"15:18:00";"112";"Sem vítima";"333,300";"BR-101/RJ";"Decrescente";"Colisão lateral no mesmo sentido";1;0;1;0;0;0;0;0;0;0;3;0;0;0;0
"29/12/2025";"19:13:00";"145";"Com vítima";"327,792";"BR-101/RJ";"Decrescente";"Colisão lateral no mesmo sentido";1;0;0;1;0;0;0;0;0;0;1;0;0;1;0
"30/12/2025";"08:03:00";"47";"Com vítima";"326,440";"BR-101/RJ";"Decrescente";"Colisão traseira";1;0;0;1;0;1;0;0;0;0;2;2;0;0;0
"30/12/2025";"08:55:00";"56";"Sem vítima";"333,939";"Acesso R ";"Crescente";"Colisão traseira";1;0;0;1;0;0;0;0;0;0;2;0;0;0;0
"30/12/2025";"20:33:00";"164";"Com vítima";"328,080";"BR-101/RJ";"Crescente";"Queda de moto";0;0;0;1;0;0;0;0;0;0;0;2;0;0;0
"02/01/2026";"08:12:00";"30";"Com vítima";"0,347";"Mergulhão";"Decrescente";"Queda de moto";1;0;0;1;0;0;0;0;0;0;1;2;0;0;0
"02/01/2026";"13:23:00";"60";"Com vítima";"329,040";"BR-101/RJ";"Crescente";"Queda de moto";0;0;0;1;0;0;0;0;0;0;0;2;0;0;0
"02/01/2026";"23:12:00";"121";"Com vítima";"332,910";"BR-101/RJ";"Crescente";"Queda de moto";0;0;0;1;0;0;0;0;0;0;1;0;1;0;0
"04/01/2026";"14:55:00";"82";"Sem vítima";"326,776";"BR-101/RJ";"Crescente";"Colisão traseira";1;0;0;0;0;1;0;0;0;0;2;0;0;0;0
"04/01/2026";"14:59:00";"84";"Sem vítima";"324,992";"BR-101/RJ";"Crescente";"Engavetamento";4;0;0;0;0;0;0;0;0;0;7;0;0;0;0
"05/01/2026";"10:29:00";"34";"Sem vítima";"322,067";"Acesso N ";"Crescente";"Colisão traseira";1;0;0;1;0;0;0;0;0;0;2;0;0;0;0
"05/01/2026";"14:09:00";"49";"Com vítima";"328,800";"BR-101/RJ";"Crescente";"Queda de moto";1;0;0;1;0;0;0;0;0;0;1;1;0;0;0
"08/01/2026";"07:29:00";"28";"Com vítima";"323,560";"BR-101/RJ";"Crescente";"Engavetamento";4;0;0;0;0;0;0;0;0;0;3;2;0;0;0
"08/01/2026";"08:37:00";"40";"Com vítima";"0,726";"Acesso N ";"Decrescente";"Queda de moto";0;0;0;1;0;0;0;0;0;0;0;0;1;0;0
"08/01/2026";"15:39:00";"100";"Com vítima";"0,826";"Acesso R ";"Crescente";"Choque";1;0;0;1;0;0;0;0;0;0;1;0;1;0;0
"09/01/2026";"16:18:00";"97";"Com vítima";"326,440";"BR-101/RJ";"Decrescente";"Queda de moto";0;0;0;1;0;0;0;0;0;0;0;2;0;0;0
"10/01/2026";"04:35:00";"10";"Com vítima";"0,726";"Acesso N ";"Decrescente";"Queda de moto";0;0;0;1;0;0;0;0;0;0;0;1;0;0;0
"10/01/2026";"14:12:00";"84";"Com vítima";"323,560";"BR-101/RJ";"Decrescente";"Queda de moto";0;0;0;1;0;0;0;0;0;0;1;1;0;0;0
"11/01/2026";"00:53:00";"3";"Com vítima";"327,648";"BR-101/RJ";"Decrescente";"Choque";1;0;0;0;0;0;0;0;0;0;0;1;0;0;0
"11/01/2026";"16:13:00";"78";"Sem vítima";"329,040";"BR-101/RJ";"Crescente";"Choque";1;0;0;1;0;0;0;0;0;0;4;0;0;0;0
"12/01/2026";"07:29:00";"25";"Com vítima";"328,368";"BR-101/RJ";"Crescente";"Colisão traseira";2;0;0;0;0;0;0;0;0;0;2;1;0;0;0
"12/01/2026";"08:58:00";"38";"Com vítima";"325,040";"BR-101/RJ";"Crescente";"Queda de moto";0;0;0;1;0;0;0;0;0;0;0;1;0;0;0
"12/01/2026";"12:12:00";"63";"Com vítima";"326,944";"BR-101/RJ";"Crescente";"Queda de moto";0;0;0;1;0;0;0;0;0;0;0;2;0;0;0
"13/01/2026";"09:53:00";"37";"Com vítima";"333,620";"BR-101/RJ";"Crescente";"Queda de moto";0;0;0;1;0;0;0;0;0;0;0;2;0;0;0
"13/01/2026";"12:32:00";"68";"Sem vítima";"325,434";"BR-101/RJ";"Crescente";"Colisão traseira";2;0;0;1;0;0;0;0;0;0;3;0;0;0;0
"14/01/2026";"10:30:00";"40";"Com vítima";"0,221";"Acesso N ";"Crescente";"Queda de moto";1;0;0;0;0;0;0;0;0;0;0;1;0;0;0
"14/01/2026";"11:28:00";"45";"Sem vítima";"326,440";"BR-101/RJ";"Decrescente";"Colisão traseira";1;0;0;0;0;0;0;0;0;0;1;0;0;0;0
"14/01/2026";"14:07:00";"64";"Sem vítima";"330,240";"BR-101/RJ";"Crescente";"Colisão traseira";2;0;0;0;0;0;0;0;0;0;2;0;0;0;0
"14/01/2026";"23:34:00";"124";"Com vítima";"322,610";"BR-101/RJ";"Crescente";"Choque";1;0;0;0;0;0;0;0;0;0;0;1;0;0;0
"16/01/2026";"09:37:00";"52";"Com vítima";"0,042";"Acesso N ";"Crescente";"Colisão traseira";1;0;0;1;0;0;0;0;0;0;1;1;0;0;0
"16/01/2026";"12:24:00";"69";"Sem vítima";"322,089";"BR-101/RJ";"Decrescente";"Colisão lateral no mesmo sentido";1;0;0;1;0;0;0;0;0;0;4;0;0;0;0
"17/01/2026";"10:58:00";"71";"Sem vítima";"322,255";"BR-101/RJ";"Decrescente";"Colisão traseira";2;0;0;0;0;0;0;0;0;0;4;0;0;0;0
"18/01/2026";"00:25:00";"2";"Com vítima";"330,480";"BR-101/RJ";"Decrescente";"Choque";1;0;0;0;0;0;0;0;0;0;0;1;0;0;0
"18/01/2026";"04:48:00";"10";"Sem vítima";"325,600";"BR-101/RJ";"Decrescente";"Queda de moto";0;0;0;1;0;0;0;0;0;0;1;0;0;0;0
"19/01/2026";"03:46:00";"8";"Sem vítima";"322,255";"BR-101/RJ";"Decrescente";"Choque";1;0;0;0;0;0;0;0;0;0;5;0;0;0;0
"19/01/2026";"11:47:00";"54";"Sem vítima";"322,534";"BR-101/RJ";"Decrescente";"Engavetamento";3;0;0;0;0;0;0;0;0;0;5;0;0;0;0
"19/01/2026";"13:38:00";"68";"Com vítima";"324,896";"BR-101/RJ";"Decrescente";"Queda de moto";0;0;0;1;0;0;0;0;0;0;0;0;1;0;0
"19/01/2026";"16:27:00";"86";"Sem vítima";"331,200";"BR-101/RJ";"Decrescente";"Colisão lateral no mesmo sentido";1;0;0;1;0;0;0;0;0;0;2;0;0;0;0
"19/01/2026";"16:52:00";"89";"Sem vítima";"324,040";"BR-101/RJ";"Decrescente";"Colisão lateral em sentido contrário";1;0;0;1;0;0;0;0;0;0;2;0;0;0;0
"19/01/2026";"18:52:00";"105";"Sem vítima";"322,255";"BR-101/RJ";"Decrescente";"Colisão traseira";2;0;0;0;0;0;0;0;0;0;2;0;0;0;0
"20/01/2026";"06:19:00";"23";"Sem vítima";"322,610";"BR-101/RJ";"Crescente";"Queda de moto";1;0;0;0;0;0;0;0;0;0;1;0;0;0;0
"22/01/2026";"13:06:00";"54";"Sem vítima";"329,760";"BR-101/RJ";"Decrescente";"Colisão traseira";0;0;0;1;0;1;0;0;0;0;2;0;0;0;0
"22/01/2026";"13:07:00";"55";"Sem vítima";"329,280";"BR-101/RJ";"Decrescente";"Colisão traseira";2;0;0;0;0;0;0;0;0;0;2;0;0;0;0
"22/01/2026";"16:21:00";"84";"Sem vítima";"325,600";"BR-101/RJ";"Decrescente";"Engavetamento";4;0;0;0;0;1;0;0;0;0;7;0;0;0;0
"22/01/2026";"22:02:00";"123";"Sem vítima";"330,240";"BR-101/RJ";"Decrescente";"Choque";1;0;0;0;0;2;0;0;0;0;2;0;0;0;0
"23/01/2026";"10:24:00";"46";"Com vítima";"330,240";"BR-101/RJ";"Crescente";"Colisão lateral no mesmo sentido";2;0;0;0;0;0;0;0;0;0;3;1;0;0;0
"23/01/2026";"12:25:00";"62";"Sem vítima";"322,067";"Acesso N ";"Crescente";"Colisão lateral no mesmo sentido";1;0;0;1;0;0;0;0;0;0;5;0;0;0;0
"24/01/2026";"22:27:00";"103";"Com vítima";"322,572";"BR-101/RJ";"Crescente";"Colisão lateral no mesmo sentido";1;0;0;0;0;0;0;0;0;0;3;1;0;0;0
"26/01/2026";"23:12:00";"152";"Com vítima";"326,608";"BR-101/RJ";"Crescente";"Choque";0;0;1;1;0;1;0;0;0;0;1;0;0;0;1
"27/01/2026";"12:48:00";"61";"Sem vítima";"327,600";"BR-101/RJ";"Decrescente";"Colisão traseira";1;0;0;0;0;0;0;0;0;1;3;0;0;0;0
"27/01/2026";"17:08:00";"105";"Com vítima";"325,600";"BR-101/RJ";"Decrescente";"Colisão traseira";2;0;0;0;0;0;0;0;0;0;6;1;0;0;0
"28/01/2026";"07:19:00";"14";"Com vítima";"0,000";"Acesso N ";"Decrescente";"Queda de moto";1;0;0;0;0;0;0;0;0;0;0;1;0;0;0
"29/01/2026";"13:47:00";"64";"Sem vítima";"326,440";"BR-101/RJ";"Crescente";"Colisão traseira";2;0;0;0;0;0;0;0;0;0;2;0;0;0;0
"30/01/2026";"00:36:00";"6";"Com vítima";"331,660";"BR-101/RJ";"Decrescente";"Choque";0;0;0;1;0;0;0;0;0;0;0;0;1;0;0
"30/01/2026";"17:34:00";"143";"Com vítima";"329,376";"BR-101/RJ";"Crescente";"Queda de moto";0;0;0;1;0;0;0;0;0;0;0;1;0;0;0
"30/01/2026";"19:16:00";"159";"Com vítima";"322,089";"BR-101/RJ";"Decrescente";"Colisão lateral no mesmo sentido";1;0;0;1;0;0;0;0;0;0;5;1;0;0;0
"31/01/2026";"02:49:00";"5";"Com vítima";"323,988";"BR-101/RJ";"Decrescente";"Choque";1;0;0;0;0;0;0;0;0;0;1;1;0;0;0
"31/01/2026";"09:12:00";"32";"Com vítima";"330,096";"BR-101/RJ";"Decrescente";"Colisão traseira";1;0;0;1;0;0;0;0;0;0;1;0;1;1;0
"01/02/2026";"03:55:00";"9";"Com vítima";"322,572";"BR-101/RJ";"Decrescente";"Choque";0;0;0;1;0;0;0;0;0;0;0;0;1;0;0
"03/02/2026";"07:26:00";"25";"Sem vítima";"322,610";"BR-101/RJ";"Crescente";"Engavetamento";3;0;0;0;0;0;0;0;0;0;5;0;0;0;0
"04/02/2026";"08:44:00";"41";"Sem vítima";"333,140";"BR-101/RJ";"Crescente";"Engavetamento";5;0;0;0;0;0;0;0;0;0;7;0;0;0;0
"04/02/2026";"10:31:00";"63";"Com vítima";"0,221";"Acesso N ";"Crescente";"Colisão lateral no mesmo sentido";0;0;0;2;0;0;0;0;0;0;1;1;0;0;0
"04/02/2026";"14:07:00";"87";"Com vítima";"330,000";"BR-101/RJ";"Decrescente";"Colisão traseira";1;0;0;1;0;0;0;0;0;0;1;0;1;0;0
"06/02/2026";"17:21:00";"95";"Com vítima";"325,184";"BR-101/RJ";"Crescente";"Colisão traseira";0;0;0;1;0;1;0;0;0;0;1;1;0;0;0
"06/02/2026";"19:54:00";"115";"Sem vítima";"324,040";"BR-101/RJ";"Crescente";"Colisão traseira";0;0;1;1;0;1;0;0;0;0;3;0;0;0;0
"08/02/2026";"06:18:00";"17";"Com vítima";"326,440";"BR-101/RJ";"Decrescente";"Queda de moto";1;0;0;0;0;0;0;0;0;0;0;1;0;0;0
"08/02/2026";"17:16:00";"71";"Com vítima";"322,610";"BR-101/RJ";"Decrescente";"Queda de moto";0;0;0;1;0;0;0;0;0;0;0;1;0;0;0
"09/02/2026";"07:09:00";"25";"Sem vítima";"322,255";"BR-101/RJ";"Crescente";"Colisão traseira";1;0;0;1;0;0;0;0;0;0;2;0;0;0;0
"09/02/2026";"10:12:00";"52";"Com vítima";"332,680";"BR-101/RJ";"Decrescente";"Colisão traseira";0;0;0;1;0;1;0;0;0;0;1;2;0;0;0
"09/02/2026";"10:23:00";"56";"Com vítima";"326,608";"BR-101/RJ";"Crescente";"Queda de moto";0;0;0;1;0;0;0;0;0;0;0;1;0;0;0
"09/02/2026";"10:36:00";"58";"Sem vítima";"327,600";"BR-101/RJ";"Decrescente";"Colisão traseira";0;0;1;0;0;0;0;0;0;1;3;0;0;0;0
"09/02/2026";"11:02:00";"62";"Com vítima";"327,840";"BR-101/RJ";"Crescente";"Queda de moto";0;0;0;1;0;0;0;0;0;0;0;2;0;0;0
"09/02/2026";"12:55:00";"85";"Sem vítima";"333,560";"BR-101/RJ";"Decrescente";"Queda de moto";0;0;0;1;0;0;0;0;0;0;2;0;0;0;0
"09/02/2026";"14:19:00";"99";"Com vítima";"0,308";"Acesso N ";"Crescente";"Queda de moto";0;0;0;1;0;1;0;0;0;0;1;1;0;0;0
"10/02/2026";"22:25:00";"144";"Com vítima";"327,600";"BR-101/RJ";"Decrescente";"Colisão traseira";0;0;1;1;0;0;0;0;0;0;1;0;0;0;1
"12/02/2026";"10:35:00";"57";"Sem vítima";"329,040";"BR-101/RJ";"Decrescente";"Colisão traseira";1;0;0;1;0;0;0;0;0;0;2;0;0;0;0
"12/02/2026";"16:43:00";"127";"Com vítima";"0,000";"Mergulhão";"Decrescente";"Colisão traseira";0;0;0;1;1;0;0;0;0;0;1;1;0;0;0
"12/02/2026";"20:58:00";"181";"Com vítima";"324,040";"BR-101/RJ";"Decrescente";"Engavetamento";3;0;0;0;0;0;0;0;0;0;5;4;1;0;0
"13/02/2026";"11:38:00";"64";"Sem vítima";"327,840";"BR-101/RJ";"Decrescente";"Engavetamento";3;0;0;0;0;0;0;0;0;0;3;0;0;0;0
"14/02/2026";"07:40:00";"60";"Com vítima";"329,520";"BR-101/RJ";"Decrescente";"Colisão traseira";1;0;0;1;0;0;0;0;0;0;1;1;0;0;0
"14/02/2026";"07:59:00";"62";"Sem vítima";"330,000";"BR-101/RJ";"Decrescente";"Engavetamento";3;0;0;0;0;0;0;0;0;0;8;0;0;0;0
"16/02/2026";"08:23:00";"17";"Sem vítima";"331,200";"BR-101/RJ";"Crescente";"Colisão traseira";2;0;0;0;0;0;0;0;0;0;2;0;0;0;0
"18/02/2026";"09:57:00";"43";"Com vítima";"332,910";"BR-101/RJ";"Decrescente";"Colisão lateral no mesmo sentido";1;0;0;1;0;0;0;0;0;0;1;1;0;0;0
"19/02/2026";"06:49:00";"25";"Com vítima";"328,800";"BR-101/RJ";"Crescente";"Queda de moto";0;0;0;1;0;0;0;0;0;0;1;1;0;0;0
"19/02/2026";"09:51:00";"49";"Com vítima";"325,600";"BR-101/RJ";"Crescente";"Colisão lateral no mesmo sentido";2;0;0;1;0;0;0;0;0;0;2;1;0;0;0
"19/02/2026";"13:24:00";"75";"Sem vítima";"323,340";"BR-101/RJ";"Crescente";"Colisão traseira";2;0;0;0;0;0;0;0;0;0;3;0;0;0;0
"19/02/2026";"16:57:00";"104";"Com vítima";"326,776";"BR-101/RJ";"Crescente";"Colisão traseira";2;0;0;0;0;0;0;0;0;0;1;3;0;0;0
"19/02/2026";"17:33:00";"109";"Com vítima";"0,063";"Acesso N ";"Crescente";"Atropelamento de pedestre";0;0;0;0;0;1;0;0;0;0;1;1;0;0;0
"20/02/2026";"14:34:00";"83";"Com vítima";"332,500";"BR-101/RJ";"Decrescente";"Queda de moto";0;0;0;1;0;0;0;0;0;0;0;2;0;0;0
"21/02/2026";"06:09:00";"26";"Com vítima";"326,608";"BR-101/RJ";"Crescente";"Queda de moto";1;0;0;0;0;0;0;0;0;0;0;1;0;0;0
"21/02/2026";"12:43:00";"52";"Com vítima";"323,560";"BR-101/RJ";"Crescente";"Colisão traseira";2;0;0;0;0;0;0;0;0;0;4;1;0;0;0
"21/02/2026";"14:16:00";"69";"Com vítima";"322,255";"BR-101/RJ";"Crescente";"Queda de moto";1;0;0;0;0;0;0;0;0;0;0;1;0;0;0
"21/02/2026";"14:49:00";"74";"Sem vítima";"325,600";"BR-101/RJ";"Crescente";"Colisão lateral no mesmo sentido";4;0;0;0;0;0;0;0;0;0;11;0;0;0;0
"21/02/2026";"23:33:00";"151";"Com vítima";"327,280";"BR-101/RJ";"Decrescente";"Colisão traseira";3;0;0;0;0;0;0;0;0;0;4;4;0;0;0
"22/02/2026";"08:25:00";"31";"Sem vítima";"0,000";"Acesso N ";"Crescente";"Colisão traseira";2;0;0;0;0;0;0;0;0;0;2;0;0;0;0
"23/02/2026";"06:46:00";"27";"Com vítima";"323,124";"BR-101/RJ";"Decrescente";"Queda de moto";0;0;0;1;0;0;0;0;0;0;0;0;1;0;0
"23/02/2026";"09:11:00";"41";"Com vítima";"329,280";"BR-101/RJ";"Crescente";"Queda de moto";0;0;0;1;0;0;0;0;0;0;1;1;0;0;0
"25/02/2026";"14:10:00";"78";"Com vítima";"330,000";"BR-101/RJ";"Crescente";"Colisão traseira";1;0;0;1;0;0;0;0;0;0;1;0;1;0;0
"25/02/2026";"17:09:00";"100";"Com vítima";"323,560";"BR-101/RJ";"Decrescente";"Colisão lateral no mesmo sentido";3;0;0;1;0;0;0;0;0;0;4;1;0;0;0
"27/02/2026";"13:41:00";"72";"Sem vítima";"0,063";"Acesso N ";"Crescente";"Queda de moto";0;0;0;1;0;0;0;0;0;0;1;0;0;0;0
"27/02/2026";"14:29:00";"76";"Sem vítima";"322,089";"BR-101/RJ";"Decrescente";"Colisão lateral no mesmo sentido";1;0;0;0;1;0;0;0;0;0;4;0;0;0;0
"27/02/2026";"15:12:00";"83";"Com vítima";"323,070";"BR-101/RJ";"Decrescente";"Colisão lateral no mesmo sentido";1;0;0;1;0;0;0;0;0;0;4;1;0;0;0
"27/02/2026";"16:42:00";"92";"Com vítima";"330,192";"BR-101/RJ";"Decrescente";"Colisão lateral no mesmo sentido";0;0;0;1;0;1;0;0;0;0;1;1;0;0;0